--
-- PostgreSQL database dump
--

-- Dumped from database version 15.3
-- Dumped by pg_dump version 15.3

SET statement_timeout = 0;
SET lock_timeout = 0;
SET idle_in_transaction_session_timeout = 0;
SET client_encoding = 'UTF8';
SET standard_conforming_strings = on;
SELECT pg_catalog.set_config('search_path', '', false);
SET check_function_bodies = false;
SET xmloption = content;
SET client_min_messages = warning;
SET row_security = off;

SET default_tablespace = '';

SET default_table_access_method = heap;

--
-- Name: SalaryInput_class; Type: TABLE; Schema: public; Owner: puserostgres
--

CREATE TABLE public."SalaryInput_class" (
    "CID" character varying(20) NOT NULL,
    type character varying(20) NOT NULL,
    duration character varying(3) NOT NULL,
    price numeric(6,2) NOT NULL,
    level character varying(10) NOT NULL
);


ALTER TABLE public."SalaryInput_class" OWNER TO puserostgres;

--
-- Name: SalaryInput_employee; Type: TABLE; Schema: public; Owner: puserostgres
--

CREATE TABLE public."SalaryInput_employee" (
    "SID" integer NOT NULL,
    chi_name character varying(8) NOT NULL,
    eng_name character varying(30) NOT NULL
);


ALTER TABLE public."SalaryInput_employee" OWNER TO puserostgres;

--
-- Name: SalaryInput_employee_classes; Type: TABLE; Schema: public; Owner: puserostgres
--

CREATE TABLE public."SalaryInput_employee_classes" (
    id bigint NOT NULL,
    employee_id integer NOT NULL,
    class_id character varying(20) NOT NULL
);


ALTER TABLE public."SalaryInput_employee_classes" OWNER TO puserostgres;

--
-- Name: SalaryInput_employee_classes_id_seq; Type: SEQUENCE; Schema: public; Owner: puserostgres
--

ALTER TABLE public."SalaryInput_employee_classes" ALTER COLUMN id ADD GENERATED BY DEFAULT AS IDENTITY (
    SEQUENCE NAME public."SalaryInput_employee_classes_id_seq"
    START WITH 1
    INCREMENT BY 1
    NO MINVALUE
    NO MAXVALUE
    CACHE 1
);


--
-- Name: SalaryInput_salary; Type: TABLE; Schema: public; Owner: puserostgres
--

CREATE TABLE public."SalaryInput_salary" (
    month character varying(4) NOT NULL,
    amount numeric(10,2) NOT NULL,
    description character varying(3000) NOT NULL,
    pay_status character varying(10) NOT NULL,
    "PID" character varying(11) NOT NULL,
    employee_id integer NOT NULL,
    cheque_number character varying(12) NOT NULL,
    created_time date NOT NULL,
    paid_time date
);


ALTER TABLE public."SalaryInput_salary" OWNER TO puserostgres;

--
-- Name: auth_group; Type: TABLE; Schema: public; Owner: puserostgres
--

CREATE TABLE public.auth_group (
    id integer NOT NULL,
    name character varying(150) NOT NULL
);


ALTER TABLE public.auth_group OWNER TO puserostgres;

--
-- Name: auth_group_id_seq; Type: SEQUENCE; Schema: public; Owner: puserostgres
--

ALTER TABLE public.auth_group ALTER COLUMN id ADD GENERATED BY DEFAULT AS IDENTITY (
    SEQUENCE NAME public.auth_group_id_seq
    START WITH 1
    INCREMENT BY 1
    NO MINVALUE
    NO MAXVALUE
    CACHE 1
);


--
-- Name: auth_group_permissions; Type: TABLE; Schema: public; Owner: puserostgres
--

CREATE TABLE public.auth_group_permissions (
    id bigint NOT NULL,
    group_id integer NOT NULL,
    permission_id integer NOT NULL
);


ALTER TABLE public.auth_group_permissions OWNER TO puserostgres;

--
-- Name: auth_group_permissions_id_seq; Type: SEQUENCE; Schema: public; Owner: puserostgres
--

ALTER TABLE public.auth_group_permissions ALTER COLUMN id ADD GENERATED BY DEFAULT AS IDENTITY (
    SEQUENCE NAME public.auth_group_permissions_id_seq
    START WITH 1
    INCREMENT BY 1
    NO MINVALUE
    NO MAXVALUE
    CACHE 1
);


--
-- Name: auth_permission; Type: TABLE; Schema: public; Owner: puserostgres
--

CREATE TABLE public.auth_permission (
    id integer NOT NULL,
    name character varying(255) NOT NULL,
    content_type_id integer NOT NULL,
    codename character varying(100) NOT NULL
);


ALTER TABLE public.auth_permission OWNER TO puserostgres;

--
-- Name: auth_permission_id_seq; Type: SEQUENCE; Schema: public; Owner: puserostgres
--

ALTER TABLE public.auth_permission ALTER COLUMN id ADD GENERATED BY DEFAULT AS IDENTITY (
    SEQUENCE NAME public.auth_permission_id_seq
    START WITH 1
    INCREMENT BY 1
    NO MINVALUE
    NO MAXVALUE
    CACHE 1
);


--
-- Name: auth_user; Type: TABLE; Schema: public; Owner: puserostgres
--

CREATE TABLE public.auth_user (
    id integer NOT NULL,
    password character varying(128) NOT NULL,
    last_login timestamp with time zone,
    is_superuser boolean NOT NULL,
    username character varying(150) NOT NULL,
    first_name character varying(150) NOT NULL,
    last_name character varying(150) NOT NULL,
    email character varying(254) NOT NULL,
    is_staff boolean NOT NULL,
    is_active boolean NOT NULL,
    date_joined timestamp with time zone NOT NULL
);


ALTER TABLE public.auth_user OWNER TO puserostgres;

--
-- Name: auth_user_groups; Type: TABLE; Schema: public; Owner: puserostgres
--

CREATE TABLE public.auth_user_groups (
    id bigint NOT NULL,
    user_id integer NOT NULL,
    group_id integer NOT NULL
);


ALTER TABLE public.auth_user_groups OWNER TO puserostgres;

--
-- Name: auth_user_groups_id_seq; Type: SEQUENCE; Schema: public; Owner: puserostgres
--

ALTER TABLE public.auth_user_groups ALTER COLUMN id ADD GENERATED BY DEFAULT AS IDENTITY (
    SEQUENCE NAME public.auth_user_groups_id_seq
    START WITH 1
    INCREMENT BY 1
    NO MINVALUE
    NO MAXVALUE
    CACHE 1
);


--
-- Name: auth_user_id_seq; Type: SEQUENCE; Schema: public; Owner: puserostgres
--

ALTER TABLE public.auth_user ALTER COLUMN id ADD GENERATED BY DEFAULT AS IDENTITY (
    SEQUENCE NAME public.auth_user_id_seq
    START WITH 1
    INCREMENT BY 1
    NO MINVALUE
    NO MAXVALUE
    CACHE 1
);


--
-- Name: auth_user_user_permissions; Type: TABLE; Schema: public; Owner: puserostgres
--

CREATE TABLE public.auth_user_user_permissions (
    id bigint NOT NULL,
    user_id integer NOT NULL,
    permission_id integer NOT NULL
);


ALTER TABLE public.auth_user_user_permissions OWNER TO puserostgres;

--
-- Name: auth_user_user_permissions_id_seq; Type: SEQUENCE; Schema: public; Owner: puserostgres
--

ALTER TABLE public.auth_user_user_permissions ALTER COLUMN id ADD GENERATED BY DEFAULT AS IDENTITY (
    SEQUENCE NAME public.auth_user_user_permissions_id_seq
    START WITH 1
    INCREMENT BY 1
    NO MINVALUE
    NO MAXVALUE
    CACHE 1
);


--
-- Name: django_admin_log; Type: TABLE; Schema: public; Owner: puserostgres
--

CREATE TABLE public.django_admin_log (
    id integer NOT NULL,
    action_time timestamp with time zone NOT NULL,
    object_id text,
    object_repr character varying(200) NOT NULL,
    action_flag smallint NOT NULL,
    change_message text NOT NULL,
    content_type_id integer,
    user_id integer NOT NULL,
    CONSTRAINT django_admin_log_action_flag_check CHECK ((action_flag >= 0))
);


ALTER TABLE public.django_admin_log OWNER TO puserostgres;

--
-- Name: django_admin_log_id_seq; Type: SEQUENCE; Schema: public; Owner: puserostgres
--

ALTER TABLE public.django_admin_log ALTER COLUMN id ADD GENERATED BY DEFAULT AS IDENTITY (
    SEQUENCE NAME public.django_admin_log_id_seq
    START WITH 1
    INCREMENT BY 1
    NO MINVALUE
    NO MAXVALUE
    CACHE 1
);


--
-- Name: django_content_type; Type: TABLE; Schema: public; Owner: puserostgres
--

CREATE TABLE public.django_content_type (
    id integer NOT NULL,
    app_label character varying(100) NOT NULL,
    model character varying(100) NOT NULL
);


ALTER TABLE public.django_content_type OWNER TO puserostgres;

--
-- Name: django_content_type_id_seq; Type: SEQUENCE; Schema: public; Owner: puserostgres
--

ALTER TABLE public.django_content_type ALTER COLUMN id ADD GENERATED BY DEFAULT AS IDENTITY (
    SEQUENCE NAME public.django_content_type_id_seq
    START WITH 1
    INCREMENT BY 1
    NO MINVALUE
    NO MAXVALUE
    CACHE 1
);


--
-- Name: django_migrations; Type: TABLE; Schema: public; Owner: puserostgres
--

CREATE TABLE public.django_migrations (
    id bigint NOT NULL,
    app character varying(255) NOT NULL,
    name character varying(255) NOT NULL,
    applied timestamp with time zone NOT NULL
);


ALTER TABLE public.django_migrations OWNER TO puserostgres;

--
-- Name: django_migrations_id_seq; Type: SEQUENCE; Schema: public; Owner: puserostgres
--

ALTER TABLE public.django_migrations ALTER COLUMN id ADD GENERATED BY DEFAULT AS IDENTITY (
    SEQUENCE NAME public.django_migrations_id_seq
    START WITH 1
    INCREMENT BY 1
    NO MINVALUE
    NO MAXVALUE
    CACHE 1
);


--
-- Name: django_session; Type: TABLE; Schema: public; Owner: puserostgres
--

CREATE TABLE public.django_session (
    session_key character varying(40) NOT NULL,
    session_data text NOT NULL,
    expire_date timestamp with time zone NOT NULL
);


ALTER TABLE public.django_session OWNER TO puserostgres;

--
-- Data for Name: SalaryInput_class; Type: TABLE DATA; Schema: public; Owner: puserostgres
--

COPY public."SalaryInput_class" ("CID", type, duration, price, level) FROM stdin;
\.


--
-- Data for Name: SalaryInput_employee; Type: TABLE DATA; Schema: public; Owner: puserostgres
--

COPY public."SalaryInput_employee" ("SID", chi_name, eng_name) FROM stdin;
1001		Wu Hoi Ting
1002	何婉兒	
1003	何映筵	
1004	何瑋欣	
1005	何雪嵐	
1006	劉秋薇	
1007	吳慧敏	
1008	吳懷恩	
1009	nan	
1010	周穎瑩	
1011	姚獅穎	
1012	孫詠楠	
1013	張娜娜	
1014	張尤輝	
1015	張瑙	
1016	徐毓蔚	
1017	方淑華	
1018	曾婉欣	
1019	李嘉桐	
1020	李愷鋒	
1021	李沛瞳	
1022	李靜宜	
1023	李鳳轉	
1024	李麗嫦	
1025	林樂婷	
1026	梁綽穎	
1027	楊博賢	
1028	楊鎰桁	
1029	温錦恩	
1030	潘浩天	
1031	羅佩欣	
1032	胡凱婷	
1033	胡珮珊	
1034	范曉嵐	
1035	葉智敏	
1036	葉煜然	
1037	曹子琪	
1038	曹子瑤	
1039		Choi Lam Mei
1040	蕭映晴	
1041	許力云	
1042	許文光	
1043	謝涴瀅	
1044	鄭雯禧	
1045	鄺潤妍	
1046	鍾子澄	
1047	鍾櫻雅	
1048	鍾美儀	
1049	陳凱盈	
1050	陳禧	
1051	陳彤瑤	
1052	陳樂蒨	
1053	陳浩蓁	
1054	陳雅靜	
1055	麥穎君	
1056	麥翠兒	
1057	黃欣琳	
1058	黎寶妍	
1059	黎迦穎	
1060	黎駿宏	
1061	蕭凱兒	
1062	金仁杰	
1063	梁燕妮	
1064	鄭思敏	
1065	吳芷恩	
1066	周凱敏	
1067	鄒寶珍	
1068	嚴穎琳	
1069	葉鎧瑤	
1070	林景泉	
1071	余品琴	
1072	胡麗賢	
1073	林梓珊	
1074	何子游	
1075	梁雅雯	
1076		Yam Cheuk Wing
1077	楊嘉蔚	
1078	文斯朗	
1079	陳瑞玲	
1080	蘇家俊	
1081	李玟慧	
1082	劉芝彤	
1083	蘇世容	
1084	劉燊儀	
1085	任倬穎	
1086	楊嘉蕎	
1087	余兆樺	
1088	梁珮晴	
1089	陳樂詩	
1090	周慧穎	
1091	陳婧熙	
1092	李式妍	
1093	陳嫻	
1094	曾珈文	
1095	梁皓茵	
1096	葉碧珊	
1097	梁嘉倩	
1098	鄧伊寧	
1099	袁御珮	
1100	謝雅文	
1101	楊藹怡	
1102	陳嘉儀	
1103	曹勁馨	
1104	李苑彤	
1105	梁恩瑜	
1106	堵愛利	
1107	黃詩瑜	
1108	呂宇靜	
1109	李珮怡	
1110	顧錦	
1111	王如寶	
1112	周依霖	
1113	姚芷怡	
1114	陳慧蕎	
1115	鍾紫瑶	
1116	黎芷桐	
1117	蘇尤月	
1118	雷欣螢	
1119	周傲晴	
1120	曾曉騰	
1121	何真晴	
1122	呂嘉發	
1123	陳筱筠	
1124	陸婉怡	
1125	陳穎嵐	
1126	梁秀冰	
1127	方子欣	
1128	林慧欣	
1129	李芷穎	
1130	張樂怡	
1131	徐善愉	
1132	黃美婧	
1133	麥梓淘	
1134	葉凱盈	
1135	盧曉琳	
1136	彭嘉樂	
1137	黃筠翠	
1138	徐禎蔚	
1139	戴韶誼	
1140	曹范怡	
1141	劉永圻	
1142	張軍寶	
1143	戴韶誼	
1144	馮梓澄	
1145	馬嘉惠	
1146	陳展峯	
1147	陳盈南	
1148	陳彥琳	
1149	卜紫盈	
1150	何依霖	
1151	呂宛渝	
1152	馮沛晴	
1153	倪倩琳	
1154	劉靜欣	
1155	周梓軒	
1156	黃愷鏞	
1157	潘耀陽	
1158	鍾紫瑤	
1159	徐善瑜	
1160	吳美雅	
1161	陸穎嵐	
1162	張惱	
1163	叶鎧瑤	
1164	麥子晴	
1165	莊煒楠	
1166	黃嘉莉	
1167	鄺兆彤	
1168	岺詠天	
1169	梁綺樺	
1170	李樂曦	
1171	陳康榆	
1172	岑詠天	
1173	蔡南	
1174	余霈衡	
1175	李欣霖	
1176	符咏曦	
1177	陳芷晴	
1178	周泫穎	
1179	左家文	
1180	張盈	
1182	黃芷澄	
1184	梁頌軒	
1181	莊煒楠	
1185	崔凱琳	
1186	陳凱進	
1187	郭摰弘	
1188	梁思瑜	
1189	湯裔亨	
1191	繆斯瑜	
1192	周章儀	
1193	曾怡瑄	
1194	凌柏謙	
1197	陳靜茵	
1198	朱豈瑩	
1199	陳玉晶	
1200	柯均宜	
1201	盧雪藍	
1202	黃嘉善	
1203	蕭敏兒	
1204	陳泳霖	
1205	翁	
1206	黃寶淇	
1207	梁芷甄	
1208	朱	
1209	蔡家駒	
1210	翁武源	
1211	葉	
1212	黎心怡	
1213	譚海瑩	
1214	葉亶	
1215	黃瑋琳	
1216	姚美華	
1217	張逸雅	
1218	關樂瑤	
1219	羅恩桐	
1220	蔣曉霖	
1221	張梓縈	
1222	陳澤華	
1223	呂騰鳳	
1224	黃倩盈	
1225	許宛筠	
1226	陳悦	
1227	林樂瑤	
1228	關	
1229	廖玧希	
1230	吳晞萱	
1231		1737.5
1232	陳俞裴	
1233	徐雍善	
1234	朱穎琛	
1236	黃家琦	
\.


--
-- Data for Name: SalaryInput_employee_classes; Type: TABLE DATA; Schema: public; Owner: puserostgres
--

COPY public."SalaryInput_employee_classes" (id, employee_id, class_id) FROM stdin;
\.


--
-- Data for Name: SalaryInput_salary; Type: TABLE DATA; Schema: public; Owner: puserostgres
--

COPY public."SalaryInput_salary" (month, amount, description, pay_status, "PID", employee_id, cheque_number, created_time, paid_time) FROM stdin;
2208	3247.50		P	1001_22080	1001		2000-01-01	\N
2209	2782.50		P	1001_22090	1001		2000-01-01	\N
2210	3712.50		P	1001_22100	1001		2000-01-01	\N
2211	2955.00		N	1001_22110	1001		2000-01-01	\N
2212	1672.50		N	1001_22120	1001		2000-01-01	\N
2301	1425.00		P	1001_23010	1001		2000-01-01	\N
2302	3022.50		P	1001_23020	1001		2000-01-01	\N
2303	2717.50		P	1001_23030	1001		2000-01-01	\N
2208	6465.00		P	1003_22080	1003		2000-01-01	\N
2209	8235.00		P	1003_22090	1003		2000-01-01	\N
2210	8312.93		P	1003_22100	1003		2000-01-01	\N
2212	7657.50		N	1003_22120	1003		2000-01-01	\N
2301	6940.00		P	1003_23010	1003		2000-01-01	\N
2302	7001.25		P	1003_23020	1003		2000-01-01	\N
2303	7122.50		P	1003_23030	1003		2000-01-01	\N
2304	6782.50		P	1003_23040	1003	BOC-101341	2023-05-11	\N
2208	3318.75		P	1006_22080	1006		2000-01-01	\N
2209	2592.50		P	1006_22090	1006		2000-01-01	\N
2210	1600.00		P	1006_22100	1006		2000-01-01	\N
2211	5527.50		N	1006_22110	1006		2000-01-01	\N
2212	2823.75		N	1006_22120	1006		2000-01-01	\N
2301	2047.50		P	1006_23010	1006		2000-01-01	\N
2302	4960.00		P	1006_23020	1006		2000-01-01	\N
2303	5210.00		P	1006_23030	1006		2000-01-01	\N
2304	4461.25		P	1006_23040	1006	BOC-101338	2023-05-11	\N
2208	4995.00		P	1007_22080	1007		2000-01-01	\N
2209	7540.00		P	1007_22090	1007		2000-01-01	\N
2211	7042.50		N	1007_22110	1007		2000-01-01	\N
2302	6000.00		P	1007_23020	1007		2000-01-01	\N
2303	6517.50		P	1007_23030	1007		2000-01-01	\N
2304	5640.00		P	1007_23040	1007	BOC-100001	2000-01-01	2023-05-07
2208	1315.00		P	1011_22080	1011		2000-01-01	\N
2209	1875.00		P	1011_22090	1011		2000-01-01	\N
2211	1095.00		N	1011_22110	1011		2000-01-01	\N
2212	1292.50		N	1011_22120	1011		2000-01-01	\N
2301	1450.00		P	1011_23010	1011		2000-01-01	\N
2302	1767.50		P	1011_23020	1011		2000-01-01	\N
2303	1642.50		P	1011_23030	1011		2000-01-01	\N
2304	1667.50		P	1011_23040	1011	BOC-101344	2023-05-08	2023-05-07
2208	845.00		P	1013_22080	1013		2000-01-01	\N
2209	640.00		P	1013_22090	1013		2000-01-01	\N
2210	1117.50		P	1013_22100	1013		2000-01-01	\N
2211	795.00		N	1013_22110	1013		2000-01-01	\N
2301	750.00		P	1013_23010	1013		2000-01-01	\N
2302	692.50		P	1013_23020	1013		2000-01-01	\N
2303	1060.00		P	1013_23030	1013		2000-01-01	\N
2304	102.50		P	1013_23040	1013	BOC-101345	2023-05-08	2023-05-07
2304	325.00		P	1013_23041	1013	BOC-101345	2023-05-08	2023-05-07
2208	1850.00		P	1014_22080	1014		2000-01-01	\N
2209	650.00		P	1014_22090	1014		2000-01-01	\N
2210	325.00		P	1014_22100	1014		2000-01-01	\N
2211	487.50		N	1014_22110	1014		2000-01-01	\N
2302	650.00		P	1014_23020	1014		2000-01-01	\N
2303	325.00		P	1014_23030	1014		2000-01-01	\N
2304	487.50		P	1014_23040	1014	BOC-101337	2023-05-11	\N
2208	3640.00		P	1015_22080	1015		2000-01-01	\N
2209	4610.00		P	1015_22090	1015		2000-01-01	\N
2210	3310.00		P	1015_22100	1015		2000-01-01	\N
2211	3757.50		N	1015_22110	1015		2000-01-01	\N
2302	3057.50		P	1015_23020	1015		2000-01-01	\N
2303	4190.00		P	1015_23030	1015		2000-01-01	\N
2304	280.00	2302	P	1015_23040	1015	BOC-101346	2023-05-08	2023-05-07
2304	120.00		P	1015_23041	1015	BOC-101346	2023-05-08	2023-05-07
2304	260.00		P	1015_23042	1015	BOC-101346	2023-05-08	2023-05-07
2304	72.50		P	1015_23043	1015	BOC-101346	2023-05-08	2023-05-07
2304	512.50		P	1015_23044	1015	BOC-101346	2023-05-08	2023-05-07
2304	260.00		P	1015_23045	1015	BOC-101346	2023-05-08	2023-05-07
2304	380.00		P	1015_23046	1015	BOC-101346	2023-05-08	2023-05-07
2304	260.00		P	1015_23047	1015	BOC-101346	2023-05-08	2023-05-07
2304	907.50		P	1015_23048	1015	BOC-101346	2023-05-08	2023-05-07
2208	1435.00		M	1016_22080	1016		2000-01-01	\N
2209	1645.00		P	1016_22090	1016		2000-01-01	\N
2211	1895.00		N	1016_22110	1016		2000-01-01	\N
2212	1722.50		N	1016_22120	1016		2000-01-01	\N
2301	1010.00		P	1016_23010	1016		2000-01-01	\N
2302	2245.00		P	1016_23020	1016		2000-01-01	\N
2303	1997.50		P	1016_23030	1016		2000-01-01	\N
2304	1940.00		P	1016_23040	1016	BOC-101347	2023-05-08	2023-05-07
2208	1072.50		P	1017_22080	1017		2000-01-01	\N
2209	3180.00		P	1017_22090	1017		2000-01-01	\N
2210	5250.00		P	1017_22100	1017		2000-01-01	\N
2211	4590.00		N	1017_22110	1017		2000-01-01	\N
2212	4260.00		N	1017_22120	1017		2000-01-01	\N
2302	4650.00		P	1017_23020	1017		2000-01-01	\N
2303	5130.00		P	1017_23030	1017		2000-01-01	\N
2304	4095.00		P	1017_23040	1017	BOC-100002	2000-01-01	2023-05-07
2208	710.00		P	1020_22080	1020		2000-01-01	\N
2209	1585.00		P	1020_22090	1020		2000-01-01	\N
2208	1697.50		P	1021_22080	1021		2000-01-01	\N
2209	2890.00		P	1021_22090	1021		2000-01-01	\N
2210	4665.00		P	1021_22100	1021		2000-01-01	\N
2211	2725.00		N	1021_22110	1021		2000-01-01	\N
2212	3527.50		N	1021_22120	1021		2000-01-01	\N
2301	2415.00		P	1021_23010	1021		2000-01-01	\N
2302	2752.50		P	1021_23020	1021		2000-01-01	\N
2303	2357.50		P	1021_23030	1021		2000-01-01	\N
2304	3000.00		P	1021_23040	1021	BOC-101348	2023-05-08	2023-05-07
2208	5891.66		P	1022_22080	1022		2000-01-01	\N
2209	2695.00		P	1022_22090	1022		2000-01-01	\N
2210	3010.00		P	1022_22100	1022		2000-01-01	\N
2211	2172.50		N	1022_22110	1022		2000-01-01	\N
2208	1025.00		P	1025_22080	1025		2000-01-01	\N
2209	940.00		P	1025_22090	1025		2000-01-01	\N
2210	1770.00		P	1025_22100	1025		2000-01-01	\N
2211	1285.00		N	1025_22110	1025		2000-01-01	\N
2212	1897.50		N	1025_22120	1025		2000-01-01	\N
2302	2290.00		P	1025_23020	1025		2000-01-01	\N
2303	2212.50		P	1025_23030	1025		2000-01-01	\N
2304	170.00		P	1025_23040	1025	BOC-101349	2023-05-08	2023-05-07
2304	490.00		P	1025_23041	1025	BOC-101349	2023-05-08	2023-05-07
2304	255.00		P	1025_23042	1025	BOC-101349	2023-05-08	2023-05-07
2304	1285.00		P	1025_23043	1025	BOC-101349	2023-05-08	2023-05-07
2208	1560.00		P	1027_22080	1027		2000-01-01	\N
2209	2625.00		P	1027_22090	1027		2000-01-01	\N
2210	3610.00		P	1027_22100	1027		2000-01-01	\N
2211	2460.00		N	1027_22110	1027		2000-01-01	\N
2212	1792.50		N	1027_22120	1027		2000-01-01	\N
2301	1995.00		P	1027_23010	1027		2000-01-01	\N
2303	2040.00		P	1027_23030	1027		2000-01-01	\N
2304	1777.50		P	1027_23040	1027	BOC-101331	2023-05-11	\N
2208	1962.50		P	1029_22080	1029		2000-01-01	\N
2209	2005.00		P	1029_22090	1029		2000-01-01	\N
2210	1800.00		P	1029_22100	1029		2000-01-01	\N
2211	1535.00		N	1029_22110	1029		2000-01-01	\N
2212	2020.00		N	1029_22120	1029		2000-01-01	\N
2301	1290.00		P	1029_23010	1029		2000-01-01	\N
2302	2580.00		P	1029_23020	1029		2000-01-01	\N
2303	2347.50		P	1029_23030	1029		2000-01-01	\N
2304	2567.50		P	1029_23040	1029	BOC-101350	2023-05-08	2023-05-07
2208	706.13		P	1031_22080	1031		2000-01-01	\N
2209	868.62		P	1031_22090	1031		2000-01-01	\N
2210	367.50		P	1031_22100	1031		2000-01-01	\N
2211	245.00		N	1031_22110	1031		2000-01-01	\N
2212	122.50		N	1031_22120	1031		2000-01-01	\N
2302	122.50		P	1031_23020	1031		2000-01-01	\N
2303	122.50		P	1031_23030	1031		2000-01-01	\N
2304	245.00		P	1031_23040	1031	BOC-101343	2023-05-11	\N
2208	1217.50		P	1032_22080	1032		2000-01-01	\N
2209	940.00		P	1032_22090	1032		2000-01-01	\N
2210	1005.00		P	1032_22100	1032		2000-01-01	\N
2211	598.33		N	1032_22110	1032		2000-01-01	\N
2212	1076.63		N	1032_22120	1032		2000-01-01	\N
2301	735.00		P	1032_23010	1032		2000-01-01	\N
2302	970.00		P	1032_23020	1032		2000-01-01	\N
2303	1027.00		P	1032_23030	1032		2000-01-01	\N
2304	1325.00		P	1032_23040	1032	BOC-101351	2023-05-08	2023-05-07
2209	2560.00		P	1033_22090	1033		2000-01-01	\N
2210	880.00		P	1033_22100	1033		2000-01-01	\N
2208	1575.00		P	1034_22080	1034		2000-01-01	\N
2208	257.50		P	1036_22080	1036		2000-01-01	\N
2209	405.00		P	1036_22090	1036		2000-01-01	\N
2210	1187.50		P	1036_22100	1036		2000-01-01	\N
2211	950.00		N	1036_22110	1036		2000-01-01	\N
2212	693.75		N	1036_22120	1036		2000-01-01	\N
2302	950.00		P	1036_23020	1036		2000-01-01	\N
2303	950.00		P	1036_23030	1036		2000-01-01	\N
2304	642.50		P	1036_23040	1036	BOC-101330	2023-05-11	\N
2208	1677.50		P	1040_22080	1040		2000-01-01	\N
2209	1840.00		P	1040_22090	1040		2000-01-01	\N
2210	2240.00		P	1040_22100	1040		2000-01-01	\N
2211	2090.00		N	1040_22110	1040		2000-01-01	\N
2212	1940.00		N	1040_22120	1040		2000-01-01	\N
2208	1540.00		P	1041_22080	1041		2000-01-01	\N
2208	490.00		P	1043_22080	1043		2000-01-01	\N
2209	700.00		P	1043_22090	1043		2000-01-01	\N
2208	2865.88		P	1047_22080	1047		2000-01-01	\N
2209	2740.65		P	1047_22090	1047		2000-01-01	\N
2210	3634.55		P	1047_22100	1047		2000-01-01	\N
2211	2890.00		N	1047_22110	1047		2000-01-01	\N
2212	1970.00		N	1047_22120	1047		2000-01-01	\N
2301	1867.48		P	1047_23010	1047		2000-01-01	\N
2302	2549.96		P	1047_23020	1047		2000-01-01	\N
2303	2150.00		P	1047_23030	1047		2000-01-01	\N
2304	1691.65		P	1047_23040	1047	BOC-101336	2023-05-11	\N
2208	1830.00		P	1049_22080	1049		2000-01-01	\N
2209	2250.00		P	1049_22090	1049		2000-01-01	\N
2210	2790.00		P	1049_22100	1049		2000-01-01	\N
2212	1290.00		N	1049_22120	1049		2000-01-01	\N
2301	1545.00		P	1049_23010	1049		2000-01-01	\N
2302	2100.00		P	1049_23020	1049		2000-01-01	\N
2303	1335.00		P	1049_23030	1049		2000-01-01	\N
2304	600.00	\n (2+2+2+1+2+1=10.0\n*60=600.0	P	1049_23040	1049	BOC-100003	2000-01-01	2023-05-07
2304	2025.00	\n (4.5+4.5+4.5+4.5+4.5=22.5\n*90=2025.0	P	1049_23041	1049	BOC-100003	2000-01-01	2023-05-07
2208	720.00		P	1050_22080	1050		2000-01-01	\N
2209	690.00		P	1050_22090	1050		2000-01-01	\N
2210	720.00		P	1050_22100	1050		2000-01-01	\N
2212	1050.00		N	1050_22120	1050		2000-01-01	\N
2301	360.00		P	1050_23010	1050		2000-01-01	\N
2302	480.00		P	1050_23020	1050		2000-01-01	\N
2303	480.00		P	1050_23030	1050		2000-01-01	\N
2304	360.00		P	1050_23040	1050	BOC-100004	2000-01-01	2023-05-07
2208	845.83		P	1051_22080	1051		2000-01-01	\N
2209	1962.50		P	1051_22090	1051		2000-01-01	\N
2210	520.00		P	1051_22100	1051		2000-01-01	\N
2211	758.68		N	1051_22110	1051		2000-01-01	\N
2301	1400.00		P	1051_23010	1051		2000-01-01	\N
2302	1630.00		P	1051_23020	1051		2000-01-01	\N
2303	1377.50		P	1051_23030	1051		2000-01-01	\N
2304	710.83		P	1051_23040	1051	BOC-101352	2023-05-08	2023-05-07
2208	3012.00		P	1052_22080	1052		2000-01-01	\N
2209	4000.00		P	1052_22090	1052		2000-01-01	\N
2210	3952.50		P	1052_22100	1052		2000-01-01	\N
2211	2165.00		N	1052_22110	1052		2000-01-01	\N
2212	4862.50		N	1052_22120	1052		2000-01-01	\N
2301	2960.00		P	1052_23010	1052		2000-01-01	\N
2208	875.00		P	1056_22080	1056		2000-01-01	\N
2209	525.00		P	1056_22090	1056		2000-01-01	\N
2210	1120.00		P	1056_22100	1056		2000-01-01	\N
2211	700.00		N	1056_22110	1056		2000-01-01	\N
2302	1031.25		P	1056_23020	1056		2000-01-01	\N
2303	1012.50		P	1056_23030	1056		2000-01-01	\N
2304	675.00		P	1056_23040	1056	BOC-100005	2000-01-01	2023-05-07
2208	2450.00		P	1057_22080	1057		2000-01-01	\N
2209	1170.00		P	1057_22090	1057		2000-01-01	\N
2210	1462.50		P	1057_22100	1057		2000-01-01	\N
2302	487.50		P	1057_23020	1057		2000-01-01	\N
2303	487.50		P	1057_23030	1057		2000-01-01	\N
2304	750.00		P	1057_23040	1057	BOC-101353	2023-05-08	2023-05-07
2208	1155.00		P	1058_22080	1058		2000-01-01	\N
2209	1925.00		P	1058_22090	1058		2000-01-01	\N
2211	2818.75		N	1058_22110	1058		2000-01-01	\N
2212	2640.00		N	1058_22120	1058		2000-01-01	\N
2302	2970.00		P	1058_23020	1058		2000-01-01	\N
2208	1950.00		P	1059_22080	1059		2000-01-01	\N
2211	1290.00		N	1059_22110	1059		2000-01-01	\N
2301	1215.00		P	1059_23010	1059		2000-01-01	\N
2302	1060.00		P	1059_23020	1059		2000-01-01	\N
2303	1445.00		M	1059_23030	1059		2000-01-01	\N
2304	620.00		P	1059_23040	1059	BOC-101354	2023-05-08	2023-05-07
2304	595.00		P	1059_23041	1059	BOC-101354	2023-05-08	2023-05-07
2208	2695.00		P	1060_22080	1060		2000-01-01	\N
2209	2918.00		P	1060_22090	1060		2000-01-01	\N
2210	3970.00		P	1060_22100	1060		2000-01-01	\N
2211	3301.00		N	1060_22110	1060		2000-01-01	\N
2212	3028.00		N	1060_22120	1060		2000-01-01	\N
2302	3548.00		P	1060_23020	1060		2000-01-01	\N
2303	2933.00		P	1060_23030	1060		2000-01-01	\N
2304	2748.00	BOC-101355 -> BOC-101334	P	1060_23040	1060	BOC-101334	2023-05-08	2023-05-07
2208	1200.00		P	1061_22080	1061		2000-01-01	\N
2209	962.50		P	1061_22090	1061		2000-01-01	\N
2210	1095.00		P	1061_22100	1061		2000-01-01	\N
2211	1280.00		N	1061_22110	1061		2000-01-01	\N
2302	1280.00		P	1061_23020	1061		2000-01-01	\N
2303	1345.00		P	1061_23030	1061		2000-01-01	\N
2304	855.00		P	1061_23040	1061	BOC-101356	2023-05-08	2023-05-07
2208	1740.00		P	1062_22080	1062		2000-01-01	\N
2209	1980.00		P	1062_22090	1062		2000-01-01	\N
2212	780.00		N	1062_22120	1062		2000-01-01	\N
2302	1260.00		P	1062_23020	1062		2000-01-01	\N
2303	540.00		P	1062_23030	1062		2000-01-01	\N
2304	630.00		P	1062_23040	1062	BOC-100006	2000-01-01	2023-05-07
2208	9337.50		P	1067_22080	1067		2000-01-01	\N
2209	10495.00		P	1067_22090	1067		2000-01-01	\N
2211	10955.00		N	1067_22110	1067		2000-01-01	\N
2212	12540.00		N	1067_22120	1067		2000-01-01	\N
2302	11722.50		P	1067_23020	1067		2000-01-01	\N
2304	10489.16	BOC-101357 -> BOC-101335	P	1067_23040	1067	BOC-101335	2023-05-08	2023-05-07
2208	3325.00		P	1068_22080	1068		2000-01-01	\N
2209	1680.00		P	1068_22090	1068		2000-01-01	\N
2210	2135.00		P	1068_22100	1068		2000-01-01	\N
2211	1260.00		N	1068_22110	1068		2000-01-01	\N
2208	3615.00		P	1069_22080	1069		2000-01-01	\N
2209	5172.50		P	1069_22090	1069		2000-01-01	\N
2210	920.00		P	1069_22100	1069		2000-01-01	\N
2211	4057.50		N	1069_22110	1069		2000-01-01	\N
2212	4175.00		N	1069_22120	1069		2000-01-01	\N
2301	2437.50		P	1069_23010	1069		2000-01-01	\N
2302	2490.00		P	1069_23020	1069		2000-01-01	\N
2303	3035.00		P	1069_23030	1069		2000-01-01	\N
2304	1940.00	BOC-101309 -> BOC-101333	P	1069_23040	1069	BOC-101333	2000-01-01	2023-05-07
2208	875.00		P	1071_22080	1071		2000-01-01	\N
2209	1225.00		P	1071_22090	1071		2000-01-01	\N
2210	1470.00		P	1071_22100	1071		2000-01-01	\N
2211	1155.00		N	1071_22110	1071		2000-01-01	\N
2208	600.00		P	1074_22080	1074		2000-01-01	\N
2209	900.00		P	1074_22090	1074		2000-01-01	\N
2210	2100.00		P	1074_22100	1074		2000-01-01	\N
2211	1875.00		N	1074_22110	1074		2000-01-01	\N
2302	600.00		P	1074_23020	1074		2000-01-01	\N
2303	450.00		P	1074_23030	1074		2000-01-01	\N
2304	750.00	First 1.5 is for Mar\n (1.5+1.5+1.5+1.5+1.5=7.5\n*100=750.0	P	1074_23040	1074	BOC-100008	2000-01-01	2023-05-07
2208	2232.93		P	1075_22080	1075		2000-01-01	\N
2208	3600.00		P	1078_22080	1078		2000-01-01	\N
2209	5200.00		P	1078_22090	1078		2000-01-01	\N
2212	1200.00		N	1080_22120	1080		2000-01-01	\N
2302	450.00		P	1080_23020	1080		2000-01-01	\N
2303	450.00		P	1080_23030	1080		2000-01-01	\N
2304	225.00	Paid by Cash\r\n(1.5=1.5\\\\n*150=225.0	M	1080_23040	1080		2023-05-11	\N
2208	1590.00		P	1087_22080	1087		2000-01-01	\N
2209	540.00		P	1087_22090	1087		2000-01-01	\N
2208	3805.00		P	1093_22080	1093		2000-01-01	\N
2209	3770.25		P	1093_22090	1093		2000-01-01	\N
2211	3100.00		N	1093_22110	1093		2000-01-01	\N
2212	1710.00		N	1093_22120	1093		2000-01-01	\N
2302	1555.00		P	1093_23020	1093		2000-01-01	\N
2303	1520.00		P	1093_23030	1093		2000-01-01	\N
2304	1866.25		P	1093_23040	1093	BOC-101340	2023-05-11	\N
2208	1290.00		P	1095_22080	1095		2000-01-01	\N
2209	1037.50		P	1095_22090	1095		2000-01-01	\N
2210	910.00		M	1095_22100	1095		2000-01-01	\N
2211	560.00		N	1095_22110	1095		2000-01-01	\N
2301	997.50		P	1095_23010	1095		2000-01-01	\N
2302	322.50		P	1095_23020	1095		2000-01-01	\N
2208	4596.00		P	1096_22080	1096		2000-01-01	\N
2209	4367.50		P	1096_22090	1096		2000-01-01	\N
2212	4052.50		N	1096_22120	1096		2000-01-01	\N
2302	5933.33		P	1096_23020	1096		2000-01-01	\N
2303	7140.00		P	1096_23030	1096		2000-01-01	\N
2304	4747.50	BOC-101358 -> BOC-101339	P	1096_23040	1096	BOC-101339	2023-05-08	2023-05-07
2208	380.00		P	1097_22080	1097		2000-01-01	\N
2209	255.00		P	1097_22090	1097		2000-01-01	\N
2211	975.00		N	1097_22110	1097		2000-01-01	\N
2212	1227.50		N	1097_22120	1097		2000-01-01	\N
2301	827.50		P	1097_23010	1097		2000-01-01	\N
2302	1225.00		P	1097_23020	1097		2000-01-01	\N
2303	880.00		P	1097_23030	1097		2000-01-01	\N
2304	910.00		P	1097_23040	1097	BOC-101359	2023-05-08	2023-05-07
2208	2120.00		P	1098_22080	1098		2000-01-01	\N
2209	1680.00		P	1098_22090	1098		2000-01-01	\N
2210	2760.00		P	1098_22100	1098		2000-01-01	\N
2212	2920.00		N	1098_22120	1098		2000-01-01	\N
2302	1320.00		P	1098_23020	1098		2000-01-01	\N
2304	1960.00	\n (5+3.5+5+7+4=24.5\n*80=	P	1098_23040	1098	BOC-100009	2000-01-01	2023-05-07
2208	3870.00		P	1099_22080	1099		2000-01-01	\N
2209	3941.25		P	1099_22090	1099		2000-01-01	\N
2208	4200.00		P	1101_22080	1101		2000-01-01	\N
2209	210.00		P	1101_22090	1101		2000-01-01	\N
2208	1015.00		P	1102_22080	1102		2000-01-01	\N
2209	1190.00		P	1102_22090	1102		2000-01-01	\N
2210	315.00		P	1102_22100	1102		2000-01-01	\N
2208	750.00		P	1103_22080	1103		2000-01-01	\N
2209	780.00		P	1103_22090	1103		2000-01-01	\N
2210	1200.00		P	1103_22100	1103		2000-01-01	\N
2211	720.00		N	1103_22110	1103		2000-01-01	\N
2303	630.00		P	1104_23030	1104		2000-01-01	\N
2208	690.00		M	1105_22080	1105		2000-01-01	\N
2209	750.00		P	1105_22090	1105		2000-01-01	\N
2210	1470.00		P	1105_22100	1105		2000-01-01	\N
2302	980.00		P	1105_23020	1105		2000-01-01	\N
2303	770.00		P	1105_23030	1105		2000-01-01	\N
2304	700.00		P	1105_23040	1105	BOC-100010	2000-01-01	2023-05-07
2208	380.00		P	1106_22080	1106		2000-01-01	\N
2209	190.00		P	1106_22090	1106		2000-01-01	\N
2208	1200.00		P	1107_22080	1107		2000-01-01	\N
2209	360.00		P	1107_22090	1107		2000-01-01	\N
2210	90.00		P	1107_22100	1107		2000-01-01	\N
2208	280.00		P	1108_22080	1108		2000-01-01	\N
2208	2040.00		P	1109_22080	1109		2000-01-01	\N
2209	1360.00		P	1109_22090	1109		2000-01-01	\N
2210	2465.00		P	1109_22100	1109		2000-01-01	\N
2211	2635.00		N	1109_22110	1109		2000-01-01	\N
2209	190.00		P	1110_22090	1110		2000-01-01	\N
2211	480.00		N	1110_22110	1110		2000-01-01	\N
2301	480.00		P	1110_23010	1110		2000-01-01	\N
2302	480.00		P	1110_23020	1110		2000-01-01	\N
2303	600.00		P	1110_23030	1110		2000-01-01	\N
2304	360.00		P	1110_23040	1110	BOC-101360	2023-05-08	2023-05-07
2209	450.00		P	1111_22090	1111		2000-01-01	\N
2211	2295.00		N	1111_22110	1111		2000-01-01	\N
2212	2550.00		N	1111_22120	1111		2000-01-01	\N
2301	60.00		P	1111_23010	1111		2000-01-01	\N
2209	105.00		P	1112_22090	1112		2000-01-01	\N
2210	1155.00		P	1112_22100	1112		2000-01-01	\N
2212	630.00		N	1112_22120	1112		2000-01-01	\N
2209	382.50		PM (485)	1113_22090	1113		2000-01-01	\N
2210	3287.00		P	1113_22100	1113		2000-01-01	\N
2212	1882.50		N	1113_22120	1113		2000-01-01	\N
2301	2937.50		P	1113_23010	1113		2000-01-01	\N
2302	782.50		P	1113_23020	1113		2000-01-01	\N
2303	1650.00		P	1113_23030	1113		2000-01-01	\N
2209	560.00		P	1114_22090	1114		2000-01-01	\N
2210	90.00		P	1114_22100	1114		2000-01-01	\N
2210	1280.00		P	1115_22100	1115		2000-01-01	\N
2212	1000.00		N	1115_22120	1115		2000-01-01	\N
2302	3315.00		P	1115_23020	1115		2000-01-01	\N
2303	4972.50		P	1115_23030	1115		2000-01-01	\N
2304	2507.50	\n (4.5+3+1+1+4.5+3+3+3.5+1.5+1.5+1.5+1.5=29.5\n*85=	P	1115_23040	1115	BOC-100011	2000-01-01	2023-05-07
2210	525.00		P	1116_22100	1116		2000-01-01	\N
2212	1050.00		N	1116_22120	1116		2000-01-01	\N
2302	560.00		P	1116_23020	1116		2000-01-01	\N
2304	1050.00		P	1116_23040	1116	BOC-100012	2000-01-01	2023-05-07
2210	2790.00		P	1117_22100	1117		2000-01-01	\N
2210	560.00		P	1118_22100	1118		2000-01-01	\N
2212	665.00		N	1118_22120	1118		2000-01-01	\N
2302	945.00		P	1118_23020	1118		2000-01-01	\N
2303	630.00		P	1118_23030	1118		2000-01-01	\N
2304	700.00		P	1118_23040	1118	BOC-100013	2000-01-01	2023-05-07
2210	120.00		P	1119_22100	1119		2000-01-01	\N
2210	455.00		P	1120_22100	1120		2000-01-01	\N
2211	640.00		N	1120_22110	1120		2000-01-01	\N
2212	1125.00		N	1120_22120	1120		2000-01-01	\N
2301	1380.00		P	1120_23010	1120		2000-01-01	\N
2302	1365.00		P	1120_23020	1120		2000-01-01	\N
2303	1257.50		M	1120_23030	1120		2000-01-01	\N
2304	260.00		P	1120_23040	1120	BOC-101361	2023-05-08	2023-05-07
2304	700.00		P	1120_23041	1120	BOC-101361	2023-05-08	2023-05-07
2210	190.00		P	1121_22100	1121		2000-01-01	\N
2211	1390.00		N	1121_22110	1121		2000-01-01	\N
2212	1235.00		N	1121_22120	1121		2000-01-01	\N
2301	275.00		P	1121_23010	1121		2000-01-01	\N
2302	1425.00		P	1121_23020	1121		2000-01-01	\N
2303	1360.00		P	1121_23030	1121		2000-01-01	\N
2304	1290.00		P	1121_23040	1121	BOC-101362	2023-05-08	2023-05-07
2210	130.00		P	1122_22100	1122		2000-01-01	\N
2211	545.00		N	1122_22110	1122		2000-01-01	\N
2212	875.00		N	1122_22120	1122		2000-01-01	\N
2302	1295.00		P	1122_23020	1122		2000-01-01	\N
2303	1050.00		P	1122_23030	1122		2000-01-01	\N
2304	875.00		P	1122_23040	1122	BOC-101363	2023-05-08	2023-05-07
2304	330.00		P	1122_23041	1122	BOC-101363	2023-05-08	2023-05-07
2304	225.00		P	1122_23042	1122	BOC-101363	2023-05-08	2023-05-07
2212	190.00		N	1123_22120	1123		2000-01-01	\N
2301	952.50		P	1123_23010	1123		2000-01-01	\N
2302	927.50		P	1123_23020	1123		2000-01-01	\N
2303	1047.50		P	1123_23030	1123		2000-01-01	\N
2301	590.00		P	1122_23010	1122	CH-101057	2000-01-01	\N
2307	3112.50		P	1067_23074	1067	HSBC-754439	2023-08-06	2023-08-06
2304	2040.00		P	1123_23040	1123	BOC-100014	2000-01-01	2023-05-07
2212	720.00		N	1124_22120	1124		2000-01-01	\N
2302	320.00		P	1124_23020	1124		2000-01-01	\N
2212	1560.00		N	1125_22120	1125		2000-01-01	\N
2302	2840.00		P	1125_23020	1125		2000-01-01	\N
2303	3600.00		P	1125_23030	1125		2000-01-01	\N
2304	2600.00		P	1125_23040	1125	BOC-100015	2000-01-01	2023-05-07
2212	320.00		N	1126_22120	1126		2000-01-01	\N
2212	3675.00		N	1127_22120	1127		2000-01-01	\N
2302	3430.00		P	1127_23020	1127		2000-01-01	\N
2303	5200.00		M	1127_23030	1127		2000-01-01	\N
2304	3880.00		P	1127_23040	1127	BOC-100016	2000-01-01	2023-05-07
2212	4740.00		N	1128_22120	1128		2000-01-01	\N
2212	840.00		N	1129_22120	1129		2000-01-01	\N
2301	1260.00		P	1130_23010	1130		2000-01-01	\N
2302	1995.00		P	1130_23020	1130		2000-01-01	\N
2303	2535.00		P	1130_23030	1130		2000-01-01	\N
2304	1755.00	\n (3+1.5+1.5+4.5+4.5+4.5=19.5\n*90=1755.0	P	1130_23040	1130	BOC-100017	2000-01-01	2023-05-07
2304	1500.00	\n (3+3+1.5+1.5+3+3=15.0\n*100=1500.0	P	1130_23041	1130	BOC-100017	2000-01-01	2023-05-07
2304	585.00	\n (1.5+1.5+1.5=4.5\n*130=585.0	P	1130_23042	1130	BOC-100017	2000-01-01	2023-05-07
2302	1125.00		P	1131_23020	1131		2000-01-01	\N
2303	1443.75		P	1131_23030	1131		2000-01-01	\N
2304	862.50	\n (1+1.25+1+1+1+1.25+1+1+2+1=11.5\n*75=862.5	P	1131_23040	1131	BOC-100018	2000-01-01	2023-05-07
2302	600.00		P	1132_23020	1132		2000-01-01	\N
2303	3240.00		P	1132_23030	1132		2000-01-01	\N
2304	2040.00		P	1132_23040	1132	BOC-100019	2000-01-01	2023-05-07
2302	3680.00		P	1133_23020	1133		2000-01-01	\N
2303	4160.00		P	1133_23030	1133		2000-01-01	\N
2304	3120.00		P	1133_23040	1133	BOC-100020	2000-01-01	2023-05-07
2302	1365.00		P	1134_23020	1134		2000-01-01	\N
2303	1365.00		P	1134_23030	1134		2000-01-01	\N
2304	1133.00		P	1134_23040	1134	BOC-100021	2000-01-01	2023-05-07
2302	382.50		P	1135_23020	1135		2000-01-01	\N
2303	382.50		P	1135_23030	1135		2000-01-01	\N
2304	340.00	\n (1+1.5+1.5=4.0\n*85=340.0	P	1135_23040	1135	BOC-100022	2000-01-01	2023-05-07
2302	330.00		P	1136_23020	1136		2000-01-01	\N
2303	495.00		P	1136_23030	1136		2000-01-01	\N
2302	2360.00		P	1137_23020	1137		2000-01-01	\N
2304	2040.00	\n (2+3+2.5+2.5+3+3.5+3+1+3.5+1.5=25.5\n*80=	P	1137_23040	1137	BOC-100023	2000-01-01	2023-05-07
2302	2530.00		P	1138_23020	1138		2000-01-01	\N
2304	3810.00		P	1138_23040	1138	BOC-101342	2023-05-11	\N
2302	320.00		P	1139_23020	1139		2000-01-01	\N
2304	600.00	 (1.5+3+3)=7.5\r\n*80=600.0	P	1139_23040	1139	BOC-101366	2023-05-08	\N
2303	1125.00		P	1141_23030	1141		2000-01-01	\N
2304	1125.00		P	1141_23040	1141	BOC-100024	2000-01-01	2023-05-07
2303	1200.00		P	1142_23030	1142		2000-01-01	\N
2304	1080.00	\n (1.5+1.5+3+1.5+3+3=13.5\n*80=	P	1142_23040	1142	BOC-100025	2000-01-01	2023-05-07
2303	1640.00		P	1143_23030	1143		2000-01-01	\N
2304	800.00		P	1144_23040	1144	BOC-100026	2000-01-01	2023-05-07
2304	1062.50		P	1145_23040	1145	BOC-100027	2000-01-01	2023-05-07
2304	415.00		P	1146_23040	1146	BOC-101364	2023-05-08	2023-05-07
2304	920.00	Paid by cash	M	1147_23040	1147		2023-05-08	\N
2304	2737.50		P	1001_23040	1001	BOC-101332	2023-05-11	\N
2307	590.00		P	1096_23070	1096	HSBC-754442	2023-08-06	2023-08-06
2305	4170.00		P	1017_23050	1017	HSBC-707521	2023-06-06	2023-06-06
2305	595.00		P	1025_23050	1025	HSBC-707523	2023-06-06	2023-06-06
2305	2085.00		P	1049_23050	1049	HSBC-707530	2023-06-06	2023-06-06
2305	480.00		P	1050_23050	1050	HSBC-707531	2023-06-06	2023-06-06
2305	225.00		P	1056_23050	1056	HSBC-707533	2023-06-06	2023-06-06
2305	1217.50		P	1057_23050	1057	HSBC-707534	2023-06-06	2023-06-06
2305	620.00		P	1059_23050	1059	HSBC-707535	2023-06-06	2023-06-06
2305	800.00		P	1061_23050	1061	HSBC-707537	2023-06-06	2023-06-06
2305	1080.00		P	1062_23050	1062	HSBC-707538	2023-06-06	2023-06-06
2305	1490.00		P	1067_23050	1067	HSBC-707539	2023-06-06	2023-06-06
2305	1150.00		P	1069_23050	1069	HSBC-707540	2023-06-06	2023-06-06
2305	750.00		P	1074_23050	1074	HSBC-707541	2023-06-06	2023-06-06
2305	250.00		P	1086_23050	1086	HSBC-707542	2023-06-06	2023-06-06
2305	410.00		P	1096_23050	1096	HSBC-707544	2023-06-06	2023-06-06
2305	1347.50		P	1096_23051	1096	HSBC-707544	2023-06-06	2023-06-06
2305	665.00		P	1105_23050	1105	HSBC-707546	2023-06-06	2023-06-06
2305	290.00		P	1110_23050	1110	HSBC-707547	2023-06-06	2023-06-06
2305	3123.75		P	1115_23050	1115	HSBC-707548	2023-06-06	2023-06-06
2305	1365.00		P	1116_23050	1116	HSBC-707549	2023-06-06	2023-06-06
2305	595.00		P	1118_23050	1118	HSBC-707550	2023-06-06	2023-06-06
2305	425.00		P	1122_23050	1122	HSBC-707553	2023-06-06	2023-06-06
2305	3320.00		P	1125_23050	1125	HSBC-707555	2023-06-06	2023-06-06
2303	3292.50		P	1138_23030	1138	Ch-101228	2000-01-01	\N
2305	3525.00		P	1130_23050	1130	HSBC-707558	2023-06-06	2023-06-06
2305	1050.00		P	1131_23050	1131	HSBC-707559	2023-06-06	2023-06-06
2305	1060.00		P	1132_23050	1132	HSBC-707560	2023-06-06	2023-06-06
2305	4200.00		P	1133_23050	1133	HSBC-591911	2023-06-06	2023-06-06
2305	1785.00		P	1134_23050	1134	HSBC-591912	2023-06-06	2023-06-06
2305	1355.00		P	1138_23050	1138	HSBC-591915	2023-06-06	2023-06-06
2305	1425.00		P	1138_23051	1138	HSBC-591915	2023-06-06	2023-06-06
2305	1800.00		P	1139_23050	1139	HSBC-591916	2023-06-06	2023-06-06
2305	1395.00		P	1141_23050	1141	HSBC-591917	2023-06-06	2023-06-06
2305	2640.00		P	1142_23050	1142	HSBC-591918	2023-06-06	2023-06-06
2305	2080.00		P	1144_23050	1144	HSBC-591919	2023-06-06	2023-06-06
2305	455.00		P	1148_23050	1148	HSBC-591921	2023-06-06	2023-06-06
2305	425.00		P	1135_23050	1135	HSBC-591914	2023-06-06	2023-06-06
2305	2295.00		P	1150_23050	1150	HSBC-591922	2023-06-06	2023-06-06
2305	900.00		P	1151_23050	1151	HSBC-591923	2023-06-06	2023-06-06
2305	6120.00		P	1152_23050	1152	HSBC-591924	2023-06-06	2023-06-06
2305	1012.50		P	1153_23050	1153	HSBC-591925	2023-06-06	2023-06-06
2305	225.00		P	1154_23050	1154	HSBC-591926	2023-06-06	2023-06-06
2305	285.00		P	1155_23050	1155	HSBC-591927	2023-06-06	2023-06-06
2305	285.00		P	1155_23051	1155	HSBC-591927	2023-06-06	2023-06-06
2305	4125.00		P	1149_23050	1149	HSBC-591913	2023-06-06	2023-06-06
2204	1780.00		P	1033_22040	1033	XX-969411	2023-06-25	\N
2305	900.00		P	1001_23050	1001	HSBC-707512	2023-06-07	2023-06-06
2305	1047.50		P	1001_23051	1001	HSBC-707512	2023-06-07	2023-06-06
2305	965.00		P	1003_23050	1003	HSBC-707513	2023-06-06	2023-06-06
2305	3205.00		P	1003_23051	1003	HSBC-707513	2023-06-07	2023-06-06
2305	857.50		P	1003_23052	1003	HSBC-707513	2023-06-07	2023-06-06
2305	2540.00		P	1006_23050	1006	HSBC-707514	2023-06-06	2023-06-06
2305	1932.50		P	1006_23051	1006	HSBC-707514	2023-06-07	2023-06-06
2305	1380.00		P	1007_23050	1007	HSBC-707515	2023-06-06	2023-06-06
2305	1462.50		P	1011_23050	1011	HSBC-707516	2023-06-06	2023-06-06
2305	470.00		P	1013_23050	1013	HSBC-707517	2023-06-06	2023-06-06
2305	650.00		P	1014_23050	1014	HSBC-707518	2023-06-07	2023-06-06
2305	1570.00		P	1015_23050	1015	HSBC-707519	2023-06-06	2023-06-06
2305	1182.50		P	1015_23051	1015	HSBC-707519	2023-06-06	2023-06-06
2305	1070.00		P	1016_23050	1016	HSBC-707520	2023-06-06	2023-06-06
2305	1452.50		P	1021_23050	1021	HSBC-707522	2023-06-06	2023-06-06
2305	635.00		P	1025_23051	1025	HSBC-707523	2023-06-07	2023-06-06
2305	410.00		P	1027_23050	1027	HSBC-707524	2023-06-06	2023-06-06
2305	355.00		P	1027_23051	1027	HSBC-707524	2023-06-07	2023-06-06
2305	1087.50		P	1029_23050	1029	HSBC-707525	2023-06-06	2023-06-06
2305	122.50		P	1031_23050	1031	HSBC-707526	2023-06-07	2023-06-06
2305	1090.00		P	1032_23050	1032	HSBC-707527	2023-06-06	2023-06-06
2305	1105.00		P	1036_23050	1036	HSBC-707528	2023-06-07	2023-06-06
2305	1373.32		P	1047_23050	1047	HSBC-707529	2023-06-06	2023-06-06
2305	1360.00		P	1047_23051	1047	HSBC-707529	2023-06-07	2023-06-06
2305	1080.00		P	1051_23050	1051	HSBC-707532	2023-06-06	2023-06-06
2305	195.00		P	1059_23051	1059	HSBC-707535	2023-06-06	2023-06-06
2305	130.00		P	1060_23050	1060	HSBC-707536	2023-06-06	2023-06-06
2305	2401.00		P	1060_23051	1060	HSBC-707536	2023-06-07	2023-06-06
2305	1437.50		P	1067_23051	1067	HSBC-707539	2023-06-06	2023-06-06
2305	1195.00		P	1067_23052	1067	HSBC-707539	2023-06-06	2023-06-06
2305	1925.00		P	1067_23053	1067	HSBC-707539	2023-06-06	2023-06-06
2305	2697.50		P	1067_23054	1067	HSBC-707539	2023-06-07	2023-06-06
2305	1190.00		P	1067_23055	1067	HSBC-707539	2023-06-07	2023-06-06
2305	1255.00		P	1093_23050	1093	HSBC-707543	2023-06-07	2023-06-06
2305	1020.00		P	1096_23052	1096	HSBC-707544	2023-06-07	2023-06-06
2305	1850.00		P	1096_23053	1096	HSBC-707544	2023-06-07	2023-06-06
2305	855.00		P	1097_23050	1097	HSBC-707545	2023-06-06	2023-06-06
2305	360.00		P	1110_23051	1110	HSBC-707547	2023-06-06	2023-06-06
2305	400.00		P	1120_23050	1120	HSBC-707551	2023-06-06	2023-06-06
2305	800.00		P	1120_23051	1120	HSBC-707551	2023-06-06	2023-06-06
2305	1162.50		P	1121_23050	1121	HSBC-707552	2023-06-06	2023-06-06
2305	190.00		P	1123_23050	1123	HSBC-707554	2023-06-07	2023-06-06
2305	3090.00	Feb 480 + May 2600	P	1127_23050	1127	HSBC-707557	2023-06-06	2023-06-06
2204	4035.00		P	1007_22040	1007	XX-969412	2023-06-25	\N
2305	327.50		P	1156_23050	1156	HSBC-591928	2023-06-06	2023-06-06
2305	425.00		P	1156_23051	1156	HSBC-591928	2023-06-07	2023-06-06
2305	420.00		P	1138_23052	1138	HSBC-591915	2023-06-06	2023-06-06
2305	2567.50		P	1138_23053	1138	HSBC-591915	2023-06-07	2023-06-06
2305	527.50		P	1138_23054	1138	HSBC-591915	2023-06-07	2023-06-06
2305	510.00		P	1146_23050	1146	HSBC-591920	2023-06-06	2023-06-06
2307	1832.50		P	1032_23070	1032	HSBC-754435	2023-08-06	2023-08-06
2305	1720.00		P	1098_23050	1098	HSBC-591929	2023-06-07	2023-06-06
2305	2460.00	\n (3+3.5+2+3.5+5.25+3+4+1.5+5)=30.75\n*80=2460.0	P	1137_23050	1137	HSBC-591930	2023-06-07	2023-06-06
2307	1560.00		P	1049_23070	1049	HSBC-754436	2023-08-06	2023-08-06
2305	2457.50	HSBC-717622	P	1147_23050	1147	HSBC-717622	2023-06-06	2023-06-06
2204	5457.50		P	1003_22040	1003		2023-06-25	\N
2204	410.00		P	1004_22040	1004		2023-06-25	\N
2204	360.00		P	1010_22040	1010		2023-06-25	\N
2204	220.00		P	1014_22040	1014		2023-06-25	\N
2204	930.00		P	1020_22040	1020		2023-06-25	\N
2204	1222.50		P	1022_22040	1022		2023-06-25	\N
2204	750.00		P	1025_22040	1025		2023-06-25	\N
2204	582.50		P	1027_22040	1027		2023-06-25	\N
2204	1205.00		P	1029_22040	1029		2023-06-25	\N
2204	602.50		P	1032_22040	1032		2023-06-25	\N
2204	500.00		P	1034_22040	1034		2023-06-25	\N
2204	1030.00		P	1036_22040	1036		2023-06-25	\N
2204	1764.16		P	1040_22040	1040		2023-06-25	\N
2204	575.00		P	1041_22040	1041		2023-06-25	\N
2204	490.00		P	1043_22040	1043		2023-06-25	\N
2204	2844.98		P	1047_22040	1047		2023-06-25	\N
2204	1440.00		P	1049_22040	1049		2023-06-25	\N
2204	3840.00		P	1052_22040	1052		2023-06-25	\N
2204	1540.00		P	1056_22040	1056		2023-06-25	\N
2204	1207.50		P	1057_22040	1057		2023-06-25	\N
2204	907.50		P	1058_22040	1058		2023-06-25	\N
2204	260.00		P	1059_22040	1059		2023-06-25	\N
2204	2065.00		P	1060_22040	1060		2023-06-25	\N
2204	240.00		P	1061_22040	1061		2023-06-25	\N
2204	750.00		P	1062_22040	1062		2023-06-25	\N
2204	5715.00		P	1067_22040	1067		2023-06-25	\N
2204	1785.00		P	1068_22040	1068		2023-06-25	\N
2204	2185.00		P	1069_22040	1069		2023-06-25	\N
2204	3570.00		P	1072_22040	1072		2023-06-25	\N
2204	895.00		P	1075_22040	1075		2023-06-25	\N
2204	1320.00		P	1078_22040	1078		2023-06-25	\N
2204	1350.00		P	1081_22040	1081		2023-06-25	\N
2204	272.50		P	1082_22040	1082		2023-06-25	\N
2307	1287.50		P	1096_23071	1096	HSBC-754442	2023-08-06	2023-08-06
2307	2720.00		P	1125_23070	1125	HSBC-754446	2023-08-06	2023-08-06
2307	225.00		P	1131_23070	1131	HSBC-754449	2023-08-06	2023-08-06
2307	1220.00		P	1138_23070	1138	HSBC-754453	2023-08-06	2023-08-06
2307	875.00		P	1170_23070	1170	HSBC-754462	2023-08-06	2023-08-06
2307	982.50		P	1036_23070	1036	BOC-265317	2023-08-08	\N
2307	662.50		P	1175_23070	1175	BOC-265297	2023-08-08	\N
2307	1055.00		P	1110_23070	1110	BOC-754464	2023-08-08	\N
2307	5415.10		P	1006_23070	1006	BOC-265315	2023-08-08	\N
2307	725.00		P	1059_23070	1059	BOC-265291	2023-08-08	\N
2307	1790.00		P	1120_23070	1120	BOC-265301	2023-08-08	\N
2204	1348.75		P	1083_22040	1083		2023-06-25	\N
2204	1575.00		P	1084_22040	1084		2023-06-25	\N
2204	360.00		P	1085_22040	1085		2023-06-25	\N
2204	1170.00		P	1086_22040	1086		2023-06-25	\N
2205	520.00		P	1001_22050	1001		2023-06-25	\N
2205	4292.50		P	1003_22050	1003		2023-06-25	\N
2205	512.50		P	1004_22050	1004		2023-06-25	\N
2205	2577.50		P	1006_22050	1006		2023-06-25	\N
2205	7170.00		P	1007_22050	1007		2023-06-25	\N
2205	720.00		P	1010_22050	1010		2023-06-25	\N
2205	1820.00		P	1011_22050	1011		2023-06-25	\N
2205	4045.00		P	1015_22050	1015		2023-06-25	\N
2205	1952.50		P	1016_22050	1016		2023-06-25	\N
2205	1385.00		P	1020_22050	1020		2023-06-25	\N
2205	2775.00		P	1021_22050	1021		2023-06-25	\N
2205	3309.60		P	1022_22050	1022		2023-06-25	\N
2205	2567.50		P	1024_22050	1024		2023-06-25	\N
2205	940.00		P	1025_22050	1025		2023-06-25	\N
2205	1005.00		P	1027_22050	1027		2023-06-25	\N
2205	2000.00		P	1029_22050	1029		2023-06-25	\N
2205	2055.00		P	1031_22050	1031		2023-06-25	\N
2205	1105.00		P	1032_22050	1032		2023-06-25	\N
2205	3335.00		P	1033_22050	1033		2023-06-25	\N
2205	947.50		P	1034_22050	1034		2023-06-25	\N
2205	1287.50		P	1036_22050	1036		2023-06-25	\N
2205	2509.99		P	1040_22050	1040		2023-06-25	\N
2205	2505.50		P	1041_22050	1041		2023-06-25	\N
2205	560.00		P	1043_22050	1043		2023-06-25	\N
2205	3344.16		P	1047_22050	1047		2023-06-25	\N
2205	1170.00		P	1049_22050	1049		2023-06-25	\N
2205	840.00		P	1050_22050	1050		2023-06-25	\N
2205	1290.00		P	1051_22050	1051		2023-06-25	\N
2205	3712.50		P	1052_22050	1052		2023-06-25	\N
2205	1040.00		P	1053_22050	1053		2023-06-25	\N
2205	1855.00		P	1056_22050	1056		2023-06-25	\N
2205	2210.00		P	1057_22050	1057		2023-06-25	\N
2205	412.50		P	1058_22050	1058		2023-06-25	\N
2205	1340.00		P	1059_22050	1059		2023-06-25	\N
2205	2695.00		P	1060_22050	1060		2023-06-25	\N
2205	480.00		P	1061_22050	1061		2023-06-25	\N
2205	4320.00		P	1062_22050	1062		2023-06-25	\N
2205	7642.50		P	1067_22050	1067		2023-06-25	\N
2205	2310.00		P	1068_22050	1068		2023-06-25	\N
2205	1482.50		P	1069_22050	1069		2023-06-25	\N
2205	770.00		P	1071_22050	1071		2023-06-25	\N
2205	3765.00		P	1072_22050	1072		2023-06-25	\N
2205	1950.00		P	1074_22050	1074		2023-06-25	\N
2205	650.00		P	1075_22050	1075		2023-06-25	\N
2205	4520.00		P	1078_22050	1078		2023-06-25	\N
2205	800.00		P	1080_22050	1080		2023-06-25	\N
2205	562.50		P	1081_22050	1081		2023-06-25	\N
2205	1285.00		P	1082_22050	1082		2023-06-25	\N
2205	1901.25		P	1083_22050	1083		2023-06-25	\N
2205	1820.00		P	1084_22050	1084		2023-06-25	\N
2205	345.00		P	1085_22050	1085		2023-06-25	\N
2205	3220.00		P	1086_22050	1086		2023-06-25	\N
2205	600.00		P	1087_22050	1087		2023-06-25	\N
2205	990.00		P	1088_22050	1088		2023-06-25	\N
2205	1400.00		P	1089_22050	1089		2023-06-25	\N
2205	875.00		P	1090_22050	1090		2023-06-25	\N
2205	810.00		P	1091_22050	1091		2023-06-25	\N
2205	600.00		P	1092_22050	1092		2023-06-25	\N
2205	1070.00		P	1093_22050	1093		2023-06-25	\N
2205	2509.99		P	1094_22050	1094		2023-06-25	\N
2205	370.00		P	1095_22050	1095		2023-06-25	\N
2205	1630.00		P	1096_22050	1096		2023-06-25	\N
2206	1410.00		P	1001_22060	1001		2023-06-25	\N
2206	5975.00		P	1003_22060	1003		2023-06-25	\N
2206	1440.00		P	1004_22060	1004		2023-06-25	\N
2206	2735.00		P	1006_22060	1006		2023-06-25	\N
2206	6570.00		P	1007_22060	1007		2023-06-25	\N
2206	1515.00		P	1011_22060	1011		2023-06-25	\N
2206	782.50		P	1013_22060	1013		2023-06-25	\N
2206	4012.00		P	1015_22060	1015		2023-06-25	\N
2206	1280.00		P	1016_22060	1016		2023-06-25	\N
2206	1230.00		P	1020_22060	1020		2023-06-25	\N
2206	2237.50		P	1021_22060	1021		2023-06-25	\N
2206	1930.00		P	1022_22060	1022		2023-06-25	\N
2206	600.00		P	1025_22060	1025		2023-06-25	\N
2206	1370.00		P	1027_22060	1027		2023-06-25	\N
2206	1535.00		P	1029_22060	1029		2023-06-25	\N
2206	461.67		P	1031_22060	1031		2023-06-25	\N
2206	1150.00		P	1032_22060	1032		2023-06-25	\N
2206	1220.00		P	1034_22060	1034		2023-06-25	\N
2206	2059.16		P	1040_22060	1040		2023-06-25	\N
2206	2186.67		P	1047_22060	1047		2023-06-25	\N
2206	2300.00		P	1051_22060	1051		2023-06-25	\N
2206	3417.50		P	1052_22060	1052		2023-06-25	\N
2206	1950.00		P	1053_22060	1053		2023-06-25	\N
2206	1210.00		P	1058_22060	1058		2023-06-25	\N
2206	680.00		P	1059_22060	1059		2023-06-25	\N
2206	1910.00		P	1060_22060	1060		2023-06-25	\N
2206	2250.00		P	1062_22060	1062		2023-06-25	\N
2206	7860.00		P	1067_22060	1067		2023-06-25	\N
2206	2520.00		P	1068_22060	1068		2023-06-25	\N
2206	2005.00		P	1069_22060	1069		2023-06-25	\N
2206	2100.00		P	1071_22060	1071		2023-06-25	\N
2206	3705.00		P	1072_22060	1072		2023-06-25	\N
2206	1600.00		P	1074_22060	1074		2023-06-25	\N
2206	4160.00		P	1078_22060	1078		2023-06-25	\N
2206	3780.00		P	1087_22060	1087		2023-06-25	\N
2206	1280.00		P	1089_22060	1089		2023-06-25	\N
2206	1817.50		P	1093_22060	1093		2023-06-25	\N
2206	350.00		P	1094_22060	1094		2023-06-25	\N
2206	4372.50		P	1096_22060	1096		2023-06-25	\N
2206	480.00		P	1097_22060	1097		2023-06-25	\N
2206	600.00		P	1098_22060	1098		2023-06-25	\N
2206	2207.50		P	1099_22060	1099		2023-06-25	\N
2206	2590.00		P	1100_22060	1100		2023-06-25	\N
2206	2030.00		P	1101_22060	1101		2023-06-25	\N
2206	840.00		P	1102_22060	1102		2023-06-25	\N
2207	3517.50		P	1006_22070	1006		2023-06-25	\N
2207	6120.00		P	1007_22070	1007		2023-06-25	\N
2207	750.00		P	1010_22070	1010		2023-06-25	\N
2207	726.67		P	1022_22070	1022		2023-06-25	\N
2207	1495.50		P	1027_22070	1027		2023-06-25	\N
2207	367.50		P	1031_22070	1031		2023-06-25	\N
2207	1030.00		P	1036_22070	1036		2023-06-25	\N
2207	2137.50		P	1040_22070	1040		2023-06-25	\N
2207	3712.50		P	1047_22070	1047		2023-06-25	\N
2207	1410.00		P	1049_22070	1049		2023-06-25	\N
2207	630.00		P	1050_22070	1050		2023-06-25	\N
2207	2095.00		P	1057_22070	1057		2023-06-25	\N
2207	990.00		P	1058_22070	1058		2023-06-25	\N
2207	735.00		P	1059_22070	1059		2023-06-25	\N
2207	2166.00		P	1060_22070	1060		2023-06-25	\N
2207	1980.00		P	1062_22070	1062		2023-06-25	\N
2207	6792.50		P	1067_22070	1067		2023-06-25	\N
2207	2117.50		P	1069_22070	1069		2023-06-25	\N
2207	2485.00		P	1071_22070	1071		2023-06-25	\N
2207	3755.00		P	1072_22070	1072		2023-06-25	\N
2207	400.00		P	1074_22070	1074		2023-06-25	\N
2207	3320.00		P	1078_22070	1078		2023-06-25	\N
2207	700.00		P	1080_22070	1080		2023-06-25	\N
2207	1800.00		P	1087_22070	1087		2023-06-25	\N
2207	960.00		P	1089_22070	1089		2023-06-25	\N
2207	665.00		P	1090_22070	1090		2023-06-25	\N
2207	3727.50		P	1093_22070	1093		2023-06-25	\N
2207	4437.50		P	1096_22070	1096		2023-06-25	\N
2207	3132.50		P	1099_22070	1099		2023-06-25	\N
2207	4745.00		P	1100_22070	1100		2023-06-25	\N
2207	3465.00		P	1101_22070	1101		2023-06-25	\N
2207	1575.00		P	1102_22070	1102		2023-06-25	\N
2207	450.00		P	1103_22070	1103		2023-06-25	\N
2207	105.00		P	1104_22070	1104		2023-06-25	\N
2207	630.00		P	1105_22070	1105		2023-06-25	\N
2204	1195.00		P	1013_22040	1013	XX-969418	2023-06-25	\N
2204	9000.00		P	1048_22040	1048	FPS-000000	2023-06-25	\N
2204	3000.00		P	1157_22040	1157	FPS-000000	2023-06-25	\N
2204	3000.00		P	1030_22040	1030	FPS-000000	2023-06-25	\N
2204	2712.00		P	1015_22040	1015	XX-969419	2023-06-25	\N
2204	1410.00		P	1054_22040	1054	XX-969421	2023-06-25	\N
2204	963.33		P	1051_22040	1051	CH-969420	2023-06-25	\N
2204	365.00		P	1001_22040	1001	CH-969417	2023-06-25	\N
2205	420.00		P	1103_22050	1103	CH-969437	2023-06-25	\N
2205	3000.00		P	1157_22050	1157	FPS-000000	2023-06-25	\N
2205	2280.00		P	1013_22050	1013	CH-969425	2023-06-25	\N
2205	9000.00		P	1048_22050	1048	FPS-000000	2023-06-25	\N
2205	3000.00		P	1030_22050	1030	FPS-000000	2023-06-25	\N
2206	3000.00		P	1030_22060	1030	FPS-000000	2023-06-25	\N
2206	9000.00		P	1048_22060	1048	FPS-000000	2023-06-25	\N
2206	1303.33		P	1075_22060	1075	CH-100813	2023-06-25	\N
2206	1617.50		P	1057_22060	1057	CH-100814	2023-06-25	\N
2206	1542.50		P	1082_22060	1082	CH-100815	2023-06-25	\N
2207	2775.00		P	1001_22070	1001	CH-969442	2023-06-25	\N
2207	1285.00		P	1016_22070	1016	CH-100874	2023-06-25	\N
2207	1567.50		P	1029_22070	1029	CH-100875	2023-06-25	\N
2207	2150.00		P	1034_22070	1034	CH-969443	2023-06-25	\N
2207	1850.00		P	1011_22070	1011	CH-100873	2023-06-25	\N
2207	2012.50		P	1021_22070	1021	CH-969445	2023-06-25	\N
2207	1303.33		P	1075_22070	1075	CH-969444	2023-06-25	\N
2208	9000.00		P	1048_22080	1048	FPS-000000	2023-06-25	\N
2208	2720.00		P	1033_22080	1033	CH-100935	2023-06-25	\N
2209	1980.00		P	1059_22090	1059	CH-100937	2023-06-25	\N
2209	9000.00		P	1048_22090	1048	FPS-000000	2023-06-25	\N
2209	3000.00		P	1157_22090	1157	FPS-000000	2023-06-25	\N
2209	3000.00		P	1030_22090	1030	FPS-000000	2023-06-25	\N
2210	9000.00		P	1048_22100	1048	FPS-000000	2023-06-25	\N
2210	765.00		P	1034_22100	1034	XX-000000	2023-06-25	\N
2210	2330.00		P	1011_22100	1011	XX-000000	2023-06-25	\N
2210	480.00		P	1110_22100	1110	CH-969449	2023-06-25	\N
2210	2730.00		P	1111_22100	1111	CH-100942	2023-06-25	\N
2210	3280.00		P	1078_22100	1078	CH-100944	2023-06-25	\N
2210	1050.00		P	1080_22100	1080	XX-000000	2023-06-25	\N
2210	1645.00		P	1093_22100	1093	CH-146484	2023-06-25	\N
2210	880.00		P	1093_22101	1093	CH-146484	2023-06-25	\N
2210	1240.00		P	1093_22102	1093	CH-146484	2023-06-25	\N
2210	3687.50		P	1096_22100	1096	CH-100947	2023-06-25	\N
2210	575.00		P	1097_22100	1097	CH-969450	2023-06-25	\N
2210	1740.00		P	1062_22100	1062	CH-100941	2023-06-25	\N
2210	9122.50		P	1067_22100	1067	CH-100948	2023-06-25	\N
2210	2090.00		P	1058_22100	1058	CH-100943	2023-06-25	\N
2210	1522.50		P	1059_22100	1059	CH-100945	2023-06-25	\N
2211	3940.00		P	1128_22110	1128	CH-146487	2023-06-25	\N
2211	920.00		P	1125_22110	1125	CH-146488	2023-06-25	\N
2211	770.00		P	1127_22110	1127	CH-146489	2023-06-25	\N
2211	360.00		P	1124_22110	1124	CH-146490	2023-06-25	\N
2211	3000.00		P	1157_22110	1157	FPS-000000	2023-06-25	\N
2211	9000.00		P	1048_22110	1048	FPS-000000	2023-06-25	\N
2211	840.00		P	1118_22110	1118	CH-146493	2023-06-25	\N
2211	735.00		P	1116_22110	1116	CH-146500	2023-06-25	\N
2211	285.00		P	1117_22110	1117	XX-000000	2000-01-01	\N
2211	735.00		P	1112_22110	1112	CH-146503	2023-06-25	\N
2211	2542.50		P	1113_22110	1113	CH-146502	2023-06-25	\N
2211	1840.00		P	1158_22110	1158	CH-146495	2023-06-25	\N
2211	1015.00		P	1105_22110	1105	CH-146498	2023-06-25	\N
2211	2480.00		P	1098_22110	1098	CH-146492	2023-06-25	\N
2211	3652.50		P	1096_22110	1096	CH-146497	2023-06-25	\N
2211	1200.00		P	1080_22110	1080	XX-000000	2023-06-25	\N
2211	960.00		P	1062_22110	1062	CH-146499	2023-06-25	\N
2211	810.00		P	1050_22110	1050	CH-146491	2023-06-25	\N
2211	1380.00		P	1049_22110	1049	CH-146501	2023-06-25	\N
2211	8340.43		P	1003_22110	1003	CH-146496	2023-06-25	\N
2211	0.01	連同Dec一齊出1267.5	P	1057_22110	1057	XX-000000	2023-06-25	\N
2212	3000.00		P	1157_22120	1157	FPS-000000	2023-06-25	\N
2212	3000.00		P	1030_22120	1030	FPS-000000	2023-06-25	\N
2212	9000.00		P	1048_22120	1048	FPS-000000	2023-06-25	\N
2212	1080.00	NOV	P	1133_22120	1133	CH-146506	2023-06-25	\N
2212	3720.00	DEC	P	1133_22121	1133	CH-146506	2023-06-25	\N
2212	1125.00		P	1159_22120	1159	CH-146507	2023-06-25	\N
2212	480.00		P	1110_22120	1110	CH-146519	2023-06-25	\N
2212	225.00	NOV	P	1074_22120	1074	CH-14605X	2023-06-25	\N
2212	900.00	DEC	P	1074_22121	1074	CH-14605X	2023-06-25	\N
2212	1340.00		P	1061_22120	1061	CH-146517	2023-06-25	\N
2212	1267.50	NOV	P	1057_22120	1057	CH-146512	2023-06-25	\N
2212	1170.00	DEC	P	1057_22121	1057	CH-146512	2023-06-25	\N
2212	2083.10		P	1051_22120	1051	CH-146515	2023-06-25	\N
2212	50.00	NOV	P	1056_22120	1056	CH-146510	2023-06-25	\N
2212	750.00	DEC	P	1056_22121	1056	CH-146510	2023-06-25	\N
2212	912.50		P	1059_22120	1059	CH-146511	2023-06-25	\N
2212	440.00		P	1022_22120	1022	CH-146522	2023-06-25	\N
2212	795.00		P	1013_22120	1013	CH-146516	2023-06-25	\N
2212	4805.00		P	1015_22120	1015	CH-146513	2023-06-25	\N
2212	650.00		P	1014_22120	1014	CH-146504	2023-06-25	\N
2212	6037.50		P	1007_22120	1007	CH-146509	2023-06-25	\N
2301	360.00		P	1160_23010	1160	CH-146530	2023-06-25	\N
2301	825.00		P	1131_23010	1131	CH-921201	2023-06-25	\N
2301	880.00		P	1137_23010	1137	CH-921212	2023-06-26	\N
2301	945.00		P	1134_23010	1134	CH-921222	2023-06-26	\N
2301	2040.00		P	1133_23010	1133	CH-921211	2023-06-26	\N
2301	130.00		P	1138_23010	1138	CH-146520	2023-06-26	\N
2301	185.00		P	1138_23011	1138	CH-146520	2023-06-26	\N
2301	3000.00		P	1157_23010	1157	FPS-000000	2023-06-26	\N
2301	3000.00		P	1030_23010	1030	FPS-000000	2023-06-26	\N
2301	9000.00		P	1048_23010	1048	FPS-000000	2023-06-26	\N
2301	760.00		P	1161_23010	1161	CH-921218	2023-06-26	\N
2301	560.00		P	1126_23010	1126	CH-921215	2023-06-26	\N
2301	2765.00		P	1127_23010	1127	CH-921204	2023-06-26	\N
2301	105.00		P	1129_23010	1129	CH-921213	2023-06-26	\N
2301	1240.00		P	1115_23010	1115	CH-921208	2023-06-26	\N
2301	840.00		P	1116_23010	1116	CH-921223	2023-06-26	\N
2301	910.00		P	1118_23010	1118	CH-921227	2023-06-26	\N
2301	825.00		P	1056_23010	1056	CH-921210	2023-06-26	\N
2301	682.50		P	1057_23010	1057	CH-921203	2023-06-26	\N
2301	2475.00		P	1058_23010	1058	CH-921202	2023-06-26	\N
2301	3423.00		P	1060_23010	1060	CH-921229	2023-06-26	\N
2301	870.00		P	1061_23010	1061	CH-921205	2023-06-26	\N
2301	450.00		P	1062_23010	1062	CH-921226	2023-06-26	\N
2301	8527.50		P	1067_23010	1067	CH-921206	2023-06-26	\N
2301	300.00		P	1080_23010	1080	XX-000000	2023-06-26	\N
2301	1525.00		P	1093_23010	1093	CH-921230	2023-06-26	\N
2301	4114.32		P	1096_23010	1096	CH-146527	2023-06-26	\N
2301	1480.00		P	1098_23010	1098	CH-921216	2023-06-26	\N
2301	735.00		P	1105_23010	1105	CH-921225	2023-06-26	\N
2301	1083.33		P	1036_23010	1036	CH-921224	2023-06-26	\N
2301	997.50		P	1040_23010	1040	CH-146521	2023-06-26	\N
2301	1440.00		P	1025_23010	1025	CH-921232	2023-06-26	\N
2301	3360.00		P	1017_23010	1017	CH-146529	2023-06-26	\N
2301	3375.50		P	1162_23010	1162	CH-921214	2023-06-26	\N
2301	5130.00		P	1007_23010	1007	CH-146528	2023-06-26	\N
2301	162.50		P	1014_23010	1014	CH-921227	2023-06-26	\N
2301	150.00		P	1074_23010	1074	CH-921209	2023-06-26	\N
2302	3885.00		P	1052_23020	1052	CH-921234	2023-06-26	\N
2302	2560.00		P	1027_23020	1027	CH-101202	2000-01-01	\N
2302	3000.00		P	1157_23020	1157	FPS-000000	2023-06-26	\N
2302	3000.00		P	1030_23020	1030	FPS-000000	2023-06-26	\N
2302	9000.00		P	1048_23020	1048	FPS-000000	2023-06-26	\N
2303	3000.00		P	1030_23030	1030	FPS-000000	2023-06-26	\N
2303	3000.00		P	1157_23030	1157	FPS-000000	2023-06-26	\N
2303	9000.00		P	1048_23030	1048	FPS-000000	2023-06-26	\N
2303	2640.00		P	1137_23030	1137	CH-101294	2023-06-26	\N
2303	1184.50	補發	P	1138_23031	1138	CH-101271	2023-06-26	\N
2303	490.00		P	1116_23030	1116	CH-101296	2023-06-26	\N
2303	1760.00		P	1098_23030	1098	CH-101295	2023-06-26	\N
2303	10592.50	(9642.50)??\r\n	M	1067_23030	1067		2000-01-01	\N
2212	1470.00		P	1105_22120	1105	XX-000000	2000-01-01	\N
2307	2850.00		P	1017_23070	1017	HSBC-754421	2023-08-06	2023-08-06
2307	735.00		P	1025_23070	1025	HSBC-754434	2023-08-06	2023-08-06
2307	595.00		P	1025_23071	1025	HSBC-754434	2023-08-06	2023-08-06
2307	980.00		P	1025_23072	1025	HSBC-754434	2023-08-06	2023-08-06
2307	1197.50		P	1057_23070	1057	HSBC-754438	2023-08-06	2023-08-06
2307	1422.70		P	1067_23075	1067	HSBC-754439	2023-08-06	2023-08-06
2307	1325.00		P	1096_23072	1096	HSBC-754442	2023-08-06	2023-08-06
2307	2085.00		P	1096_23073	1096	HSBC-754442	2023-08-06	2023-08-06
2307	3360.00		P	1137_23070	1137	HSBC-754452	2023-08-06	2023-08-06
2307	750.00		P	1138_23071	1138	HSBC-754453	2023-08-06	2023-08-06
2307	2920.00		P	1144_23070	1144	HSBC-754456	2023-08-06	2023-08-06
2307	1050.00		P	1152_23070	1152	HSBC-754459	2023-08-06	2023-08-06
2307	2752.50		P	1093_23070	1093	BOC-265316	2023-08-08	\N
2306	480.00		P	1050_23060	1050	BOC-101384	2023-07-07	2023-07-06
2307	500.00		P	1176_23070	1176	BOC-265293	2023-08-08	\N
2307	102.50		P	1013_23070	1013	BOC-754467	2023-08-08	\N
2307	650.00		P	1014_23070	1014	BOC-265312	2023-08-08	\N
2308	2298.00		P	1060_23080	1060	BOC-101285	2023-09-08	2023-09-08
2308	892.50		P	1067_23085	1067	BOC-101286	2023-09-07	2023-09-08
2308	2632.50		P	1093_23080	1093	BOC-101288	2023-09-08	2023-09-08
2308	2440.00	\n (30.5)=30.5\n*80=2440.0	P	1164_23080	1164	BOC-101295	2023-09-07	2023-09-08
2306	862.50		P	1154_23060	1154	HSBC-754423	2023-07-07	2023-07-06
2306	520.00		P	1163_23060	1163	HSBC-754427	2023-07-07	2023-07-06
2306	757.25		P	1168_23060	1168	HSBC-754432	2023-07-07	2023-07-06
2306	367.50		P	1169_23060	1169	HSBC-754433	2023-07-07	2023-07-06
2307	600.00		P	1050_23070	1050	HSBC-754437	2023-08-06	2023-08-06
2307	1640.83		P	1067_23070	1067	HSBC-754439	2023-08-06	2023-08-06
2307	150.00		P	1074_23070	1074	HSBC-754441	2023-08-06	2023-08-06
2307	2040.00		P	1115_23070	1115	HSBC-754444	2023-08-06	2023-08-06
2307	515.00		P	1138_23072	1138	HSBC-754453	2023-08-06	2023-08-06
2307	105.00		P	1148_23070	1148	HSBC-754457	2023-08-06	2023-08-06
2308	550.00		P	1169_23080	1169	BOC-101298	2023-09-08	2023-09-08
2307	1682.50		P	1172_23070	1172	BOC-265308	2023-08-08	\N
2307	240.00		P	1086_23070	1086	BOC-754470	2023-08-08	\N
2307	570.00		P	1097_23070	1097	BOC-265305	2023-08-08	\N
2307	303.82		P	1051_23070	1051	BOC-754469	2023-08-08	\N
2307	2770.00		P	1001_23070	1001	BOC-265309	2023-08-08	\N
2307	2310.00		P	1121_23070	1121	BOC-265300	2023-08-08	\N
2308	305.00		P	1015_23081	1015	BOC-101427	2023-09-01	2023-09-07
2308	540.00		P	1047_23080	1047	BOC-101430	2023-09-01	2023-09-07
2308	480.00	\n (8)=8.0\n*60=480.0	P	1049_23081	1049	BOC-101431	2023-09-06	2023-09-07
2308	495.00		P	1059_23080	1059	BOC-101434	2023-09-01	2023-09-07
2308	945.00		P	1067_23081	1067	BOC-101435	2023-09-01	2023-09-07
2308	1380.00		P	1096_23081	1096	BOC-101437	2023-09-01	2023-09-07
2308	420.00	\n (6)=6.0\n*70=420.0	P	1116_23080	1116	BOC-101440	2023-09-06	2023-09-07
2308	1920.00		P	1123_23080	1123	BOC-101443	2023-09-01	2023-09-07
2308	405.00	\n (90)=90.0\n*4.5=405.0	P	1130_23080	1130	BOC-101445	2023-09-06	2023-09-07
2308	300.00		P	1131_23080	1131	BOC-101446	2023-09-06	2023-09-07
2308	555.00		P	1138_23081	1138	BOC-101449	2023-09-01	2023-09-07
2308	320.00	\n (4)=4.0\n*80=320.0	P	1139_23080	1139	BOC-101450	2023-09-06	2023-09-07
2308	285.00		P	1146_23080	1146	BOC-101454	2023-09-01	2023-09-07
2308	342.50		P	1156_23080	1156	BOC-101458	2023-09-01	2023-09-07
2308	2822.50		P	1006_23080	1006	BOC-101275	2023-09-07	2023-09-08
2308	532.00		P	1027_23081	1027	BOC-101280	2023-09-08	2023-09-08
2308	2150.00		P	1029_23080	1029	BOC-101281	2023-09-08	2023-09-08
2308	989.90		P	1047_23081	1047	BOC-101284	2023-09-07	2023-09-08
2309	1720.00	 (21.5)=21.5\r\n*80=1720.0	P	1139_23090	1139	BOC-101543	2023-10-07	\N
2309	1932.50		P	1011_23090	1011	BOC-101527	2023-10-07	\N
2309	1275.20	五	P	1067_23091	1067	BOC-101531	2023-10-07	\N
2309	550.00	二	P	1096_23093	1096	BOC-101532	2023-10-07	\N
2309	1827.50		P	1121_23090	1121	BOC-101537	2023-10-07	\N
2309	812.50	六	P	1123_23090	1123	BOC-101538	2023-10-06	\N
2309	1540.00	 (70)=70.0\r\n*22=1540.0	P	1134_23090	1134	BOC-101540	2023-10-06	\N
2309	1370.00	日	P	1138_23091	1138	BOC-101542	2023-10-06	\N
2309	3800.00		P	1142_23090	1142	BOC-101545	2023-10-06	\N
2309	942.50	日	P	1174_23091	1174	BOC-101554	2023-10-07	\N
2309	1535.00		P	1175_23090	1175	BOC-101555	2023-10-07	\N
2309	135.00	 (1.5)=1.5\r\n*90=135.0	P	1179_23090	1179	BOC-101557	2023-10-06	\N
2309	315.00	 (4.5)=4.5\r\n*70=315.0	P	1181_23090	1181	BOC-101559	2023-10-06	\N
2309	102.50		P	1013_23090	1013	BOC-101562	2023-10-08	2023-10-08
2309	980.00	一	P	1025_23091	1025	BOC-101564	2023-10-08	2023-10-08
2310	1265.00		P	1146_23100	1146	HSBC-591946	2023-11-07	2023-11-06
2309	2526.00		P	1060_23090	1060	BOC-101569	2023-10-08	2023-10-08
2309	902.50		P	1069_23090	1069	BOC-101570	2023-10-08	2023-10-08
2309	495.00	四	P	1059_23090	1059	BOC-101568	2023-10-08	2023-10-08
2306	3062.50	Manual	P	1147_23060	1147	XX-000000	2023-07-07	\N
2306	540.00		P	1062_23060	1062	BOC-101390	2023-07-07	2023-07-06
2306	1880.00		P	1098_23060	1098	BOC-101397	2023-07-07	2023-07-06
2306	455.00		P	1105_23060	1105	BOC-101398	2023-07-06	2023-07-06
2306	3800.00		P	1125_23060	1125	BOC-101405	2023-07-07	2023-07-06
2306	3000.00		P	1127_23060	1127	BOC-101407	2023-07-06	2023-07-06
2306	3315.00		P	1130_23060	1130	BOC-101408	2023-07-06	2023-07-06
2306	2320.00		P	1133_23060	1133	BOC-101410	2023-07-07	2023-07-06
2306	1000.00		P	1139_23060	1139	BOC-101415	2023-07-07	2023-07-06
2306	2790.00		P	1141_23060	1141	BOC-101416	2023-07-07	2023-07-06
2306	420.00		P	1148_23060	1148	BOC-101420	2023-07-06	2023-07-06
2306	4312.50		P	1149_23060	1149	BOC-101421	2023-07-06	2023-07-06
2306	425.00		P	1150_23060	1150	BOC-101422	2023-07-07	2023-07-06
2306	540.00		P	1151_23060	1151	BOC-101423	2023-07-07	2023-07-06
2310	3950.00	\n (39.5)=39.5\n*100=3950.0	P	1152_23100	1152	HSBC-591947	2023-11-04	2023-11-06
2310	907.50	四	P	1015_23100	1015	BOC-101472	2023-11-07	2023-11-06
2310	450.00	日	P	1025_23101	1025	BOC-101474	2023-11-07	2023-11-06
2310	1050.00	六	P	1027_23100	1027	BOC-101475	2023-11-07	2023-11-06
2310	462.50	9月	P	1047_23102	1047	BOC-101506	2023-11-07	2023-11-06
2310	775.00		P	1059_23100	1059	BOC-101508	2023-11-07	2023-11-06
2310	2122.50	一	P	1067_23100	1067	BOC-101510	2023-11-07	2023-11-06
2310	3327.50	六	P	1067_23103	1067	BOC-101510	2023-11-07	2023-11-06
2310	450.00	\n (4.5)=4.5\n*100=450.0	P	1074_23100	1074	BOC-101512	2023-11-05	2023-11-06
2310	180.00		P	1086_23100	1086	BOC-101514	2023-11-07	2023-11-06
2310	1407.50	二	P	1096_23101	1096	BOC-101516	2023-11-06	2023-11-06
2310	380.00		P	1110_23100	1110	BOC-101517	2023-11-07	2023-11-06
2310	540.00	\n (6)=6.0\n*90=540.0	P	1125_23101	1125	BOC-101523	2023-11-05	2023-11-06
2310	1507.50	四	P	1138_23101	1138	HSBC-591942	2023-11-07	2023-11-06
2310	1955.00	日	P	1166_23101	1166	HSBC-591950	2023-11-07	2023-11-06
2310	2430.00	\n (27)=27.0\n*90=2430.0	P	1180_23100	1180	HSBC-591959	2023-11-05	2023-11-06
2310	720.00	\n (3)=3.0\n*240=720.0	P	1182_23102	1182	HSBC-591960	2023-11-05	2023-11-06
2310	150.00		P	1186_23100	1186	HSBC-717629	2023-11-04	2023-11-06
2307	1320.00		P	1067_23071	1067	HSBC-754439	2023-08-06	2023-08-06
2307	280.00		P	1116_23070	1116	HSBC-754445	2023-08-06	2023-08-06
2307	3052.50		P	1138_23073	1138	HSBC-754453	2023-08-06	2023-08-06
2307	810.00		P	1141_23070	1141	HSBC-754454	2023-08-06	2023-08-06
2307	2137.50		P	1149_23070	1149	HSBC-754458	2023-08-06	2023-08-06
2307	490.00		P	1165_23070	1165	HSBC-754461	2023-08-06	2023-08-06
2307	3322.90		P	1167_23070	1167	BOC-265307	2023-08-08	\N
2307	2660.00		P	1123_23070	1123	BOC-754465	2023-08-08	\N
2307	2422.50		P	1029_23070	1029	BOC-265304	2023-08-08	\N
2307	2970.00		P	1060_23070	1060	BOC-265310	2023-08-08	\N
2307	1605.00		P	1122_23070	1122	BOC-265296	2023-08-08	\N
2309	350.00	五	P	1059_23091	1059	BOC-101568	2023-10-08	2023-10-08
2308	980.00		P	1025_23080	1025	BOC-101429	2023-09-01	2023-09-07
2308	360.00	 (6)=6.0\r\n*60=360.0	P	1050_23080	1050	BOC-101432	2023-09-06	2023-09-07
2308	2191.60		P	1067_23080	1067	BOC-101435	2023-09-01	2023-09-07
2308	2052.50		P	1067_23083	1067	BOC-101435	2023-09-01	2023-09-07
2308	1827.50	 (21.5)=21.5\r\n*8.5=182.75	P	1115_23080	1115	BOC-101439	2023-09-06	2023-09-07
2308	450.00	\n (100)=100.0\n*4.5=450.0	P	1130_23081	1130	BOC-101445	2023-09-06	2023-09-07
2308	420.00	\n (6)=6.0\n*70=420.0	P	1134_23080	1134	BOC-101447	2023-09-06	2023-09-07
2308	1220.00		P	1138_23082	1138	BOC-101449	2023-09-01	2023-09-07
2308	905.00		P	1138_23083	1138	BOC-101449	2023-09-01	2023-09-07
2308	1820.00		P	1147_23080	1147	BOC-101455	2023-09-01	2023-09-07
2308	1050.00		P	1152_23080	1152	BOC-101456	2023-09-06	2023-09-07
2308	760.00		P	1155_23080	1155	BOC-101457	2023-09-01	2023-09-07
2308	440.00		P	1156_23081	1156	BOC-101458	2023-09-01	2023-09-07
2308	0.00		P	1174_23080	1174	BOC-101462	2023-09-01	2023-09-07
2308	1397.50		P	1006_23081	1006	BOC-101275	2023-09-08	2023-09-08
2308	1280.00		P	1011_23080	1011	BOC-101276	2023-09-08	2023-09-08
2308	487.50		P	1014_23080	1014	BOC-101277	2023-09-08	2023-09-08
2308	122.50		P	1031_23080	1031	BOC-101282	2023-09-08	2023-09-08
2308	380.00		P	1110_23080	1110	BOC-101290	2023-09-08	2023-09-08
2306	900.00		P	1001_23060	1001	BOC-101367	2023-07-07	2023-07-06
2306	1245.00		P	1001_23061	1001	BOC-101367	2023-07-07	2023-07-06
2306	235.00		P	1003_23060	1003	BOC-101368	2023-07-07	2023-07-06
2306	2583.25		P	1003_23061	1003	BOC-101368	2023-07-07	2023-07-06
2306	857.50		P	1003_23062	1003	BOC-101368	2023-07-07	2023-07-06
2306	3195.00		P	1006_23060	1006	BOC-101369	2023-07-07	2023-07-06
2306	1690.41		P	1006_23061	1006	BOC-101369	2023-07-07	2023-07-06
2306	1397.50		P	1011_23060	1011	BOC-101370	2023-07-07	2023-07-06
2306	427.50		P	1013_23060	1013	BOC-101371	2023-07-07	2023-07-06
2306	162.50		P	1014_23060	1014	BOC-101372	2023-07-07	2023-07-06
2306	1117.50		P	1015_23060	1015	BOC-101373	2023-07-07	2023-07-06
2306	1177.50		P	1015_23061	1015	BOC-101373	2023-07-07	2023-07-06
2306	1780.00		P	1016_23060	1016	BOC-101374	2023-07-07	2023-07-06
2306	5130.00		P	1017_23060	1017	BOC-101375	2023-07-06	2023-07-06
2306	1257.50		P	1025_23060	1025	BOC-101376	2023-07-07	2023-07-06
2308	1882.50		P	1138_23084	1138	BOC-101294	2023-09-07	2023-09-08
2308	1470.00		P	1172_23080	1172	BOC-101299	2023-09-07	2023-09-08
2308	1032.50		P	1123_23081	1123	BOC-101291	2023-09-07	2023-09-08
2308	1395.83		N	1096_23082	1096		2023-09-10	\N
2309	870.00	六	P	1027_23090	1027	BOC-101529	2023-10-07	\N
2309	1495.00	日	P	1067_23092	1067	BOC-101531	2023-10-07	\N
2309	1140.00	六	P	1096_23090	1096	BOC-101532	2023-10-07	\N
2309	190.00		P	1110_23090	1110	BOC-101534	2023-10-07	\N
2309	967.50	日	P	1123_23091	1123	BOC-101538	2023-10-06	\N
2309	2480.00	 (31)=31.0\r\n*80=2480.0	P	1137_23090	1137	BOC-101541	2023-10-06	\N
2309	190.00	一	P	1138_23092	1138	BOC-101542	2023-10-06	\N
2309	540.00		P	1141_23090	1141	BOC-101544	2023-10-07	\N
2309	4760.00	 (59.5)=59.5\r\n*80=4760.0	P	1144_23090	1144	BOC-101546	2023-10-06	\N
2309	780.00		P	1156_23090	1156	BOC-101548	2023-10-07	\N
2309	1180.00	 (14.75)=14.75\r\n*80=1180.0	P	1164_23090	1164	BOC-101549	2023-10-07	\N
2309	1000.00		P	1173_23090	1173	BOC-101553	2023-10-07	\N
2309	540.00	 (6)=6.0\r\n*90=540.0	P	1180_23090	1180	BOC-101558	2023-10-06	\N
2309	300.00	 (3)=3.0\r\n*100=300.0	P	1182_23090	1182	BOC-101560	2023-10-06	\N
2309	680.00	三	P	1025_23092	1025	BOC-101564	2023-10-08	2023-10-08
2309	727.50	日	P	1047_23090	1047	BOC-101566	2023-10-08	2023-10-08
2309	120.00		P	1086_23090	1086	BOC-101571	2023-10-08	2023-10-08
2309	1807.50		P	1093_23090	1093	BOC-101572	2023-10-08	2023-10-08
2310	740.00	三	P	1120_23100	1120	BOC-101519	2023-11-07	2023-11-06
2310	2461.25		P	1029_23100	1029	BOC-101503	2023-11-07	2023-11-06
2310	737.50	五	P	1015_23101	1015	BOC-101472	2023-11-07	2023-11-06
2310	840.00	日	P	1027_23101	1027	BOC-101475	2023-11-07	2023-11-06
2310	405.00		P	1047_23100	1047	BOC-101506	2023-11-07	2023-11-06
2310	1635.00		P	1057_23100	1057	BOC-101507	2023-11-06	2023-11-06
2310	1635.00	三	P	1067_23101	1067	BOC-101510	2023-11-07	2023-11-06
2310	1252.50	日	P	1067_23104	1067	BOC-101510	2023-11-07	2023-11-06
2310	1420.00	六	P	1096_23102	1096	BOC-101516	2023-11-06	2023-11-06
2310	1706.25		P	1121_23100	1121	BOC-101520	2023-11-07	2023-11-06
2310	110.00		P	1122_23100	1122	BOC-101521	2023-11-07	2023-11-06
2310	3010.00	\n (43)=43.0\n*70=3010.0	P	1134_23100	1134	BOC-101524	2023-11-04	2023-11-06
2310	3432.50	六	P	1138_23102	1138	HSBC-591942	2023-11-07	2023-11-06
2310	45.00	sept	P	1141_23101	1141	HSBC-591943	2023-11-04	2023-11-06
2310	5240.00	\n (65.5)=65.5\n*80=5240.0	P	1144_23100	1144	HSBC-591945	2023-11-04	2023-11-06
2310	910.00	五	P	1166_23100	1166	HSBC-591950	2023-11-07	2023-11-06
2310	1017.50		P	1173_23100	1173	HSBC-591954	2023-11-07	2023-11-06
2310	610.00		P	1174_23100	1174	HSBC-591955	2023-11-07	2023-11-06
2310	1970.00		P	1175_23100	1175	HSBC-591956	2023-11-07	2023-11-06
2310	600.00	\n (4)=4.0\n*150=600.0	P	1182_23100	1182	HSBC-591960	2023-11-05	2023-11-06
2310	510.00		P	1184_23100	1184	HSBC-717627	2023-11-07	2023-11-06
2310	300.00		P	1187_23100	1187	HSBC-717630	2023-11-05	2023-11-06
2310	4440.00	 (55.5)=55.5\r\n*80=4440.0	P	1142_23100	1142	HSBC-717636	2023-11-05	2023-11-06
2306	250.00		P	1086_23060	1086	HSBC-754422	2023-07-07	2023-07-06
2306	240.00		P	1086_23061	1086	HSBC-754422	2023-07-07	2023-07-06
2307	1230.00		P	1067_23072	1067	HSBC-754439	2023-08-06	2023-08-06
2307	490.00		P	1105_23070	1105	HSBC-754443	2023-08-06	2023-08-06
2307	480.00		P	1127_23070	1127	HSBC-754447	2023-08-06	2023-08-06
2307	1395.00		P	1130_23070	1130	HSBC-754448	2023-08-06	2023-08-06
2307	1470.00		P	1134_23070	1134	HSBC-754451	2023-08-06	2023-08-06
2307	1072.50		P	1138_23074	1138	HSBC-754453	2023-08-06	2023-08-06
2307	1682.50		P	1147_23070	1147	BOC-717624	2023-08-08	\N
2307	782.50		P	1173_23070	1173	BOC-265306	2023-08-08	\N
2307	1063.00		P	1027_23070	1027	BOC-265302	2023-08-08	\N
2307	512.50		P	1166_23070	1166	BOC-754466	2023-08-08	\N
2307	2425.00		P	1015_23070	1015	BOC-265292	2023-08-08	\N
2307	570.00		P	1156_23070	1156	BOC-265295	2023-08-08	\N
2306	680.00		P	1025_23061	1025	BOC-101376	2023-07-07	2023-07-06
2306	615.00		P	1027_23060	1027	BOC-101377	2023-07-07	2023-07-06
2306	696.66		P	1027_23061	1027	BOC-101377	2023-07-07	2023-07-06
2306	2780.00		P	1029_23060	1029	BOC-101378	2023-07-07	2023-07-06
2306	245.00		P	1031_23060	1031	BOC-101379	2023-07-07	2023-07-06
2306	1310.00		P	1032_23060	1032	BOC-101380	2023-07-07	2023-07-06
2306	540.00		P	1036_23060	1036	BOC-101381	2023-07-07	2023-07-06
2306	2355.00		P	1047_23060	1047	BOC-101382	2023-07-07	2023-07-06
2306	949.99		P	1047_23061	1047	BOC-101382	2023-07-07	2023-07-06
2306	1710.00		P	1049_23060	1049	BOC-101383	2023-07-07	2023-07-06
2306	1145.00		P	1051_23060	1051	BOC-101385	2023-07-07	2023-07-06
2306	1090.00		P	1057_23060	1057	BOC-101386	2023-07-07	2023-07-06
2306	260.00		P	1059_23060	1059	BOC-101387	2023-07-07	2023-07-06
2306	155.00		P	1059_23061	1059	BOC-101387	2023-07-07	2023-07-06
2306	1079.00		P	1060_23060	1060	BOC-101388	2023-07-07	2023-07-06
2306	680.00		P	1061_23060	1061	BOC-101389	2023-07-07	2023-07-06
2306	2767.50		P	1067_23060	1067	BOC-101391	2023-07-07	2023-07-06
2306	2332.50		P	1067_23061	1067	BOC-101391	2023-07-07	2023-07-06
2306	1110.00		P	1067_23062	1067	BOC-101391	2023-07-07	2023-07-06
2306	960.00		P	1067_23063	1067	BOC-101391	2023-07-07	2023-07-06
2306	905.00		P	1067_23064	1067	BOC-101391	2023-07-07	2023-07-06
2306	1916.66		P	1067_23065	1067	BOC-101391	2023-07-07	2023-07-06
2306	750.00		P	1074_23060	1074	BOC-101392	2023-07-07	2023-07-06
2306	1917.50		P	1093_23060	1093	BOC-101394	2023-07-07	2023-07-06
2306	697.50		P	1096_23060	1096	BOC-101395	2023-07-07	2023-07-06
2306	845.83		P	1096_23061	1096	BOC-101395	2023-07-07	2023-07-06
2306	410.00		P	1096_23062	1096	BOC-101395	2023-07-07	2023-07-06
2306	1027.50		P	1096_23063	1096	BOC-101395	2023-07-07	2023-07-06
2306	665.00		P	1097_23060	1097	BOC-101396	2023-07-07	2023-07-06
2306	720.00		P	1110_23060	1110	BOC-101399	2023-07-07	2023-07-06
2306	510.00		P	1110_23061	1110	BOC-101399	2023-07-07	2023-07-06
2306	1295.00		P	1116_23060	1116	BOC-101400	2023-07-07	2023-07-06
2306	600.00		P	1120_23060	1120	BOC-101401	2023-07-07	2023-07-06
2306	700.00		P	1120_23061	1120	BOC-101401	2023-07-07	2023-07-06
2306	2105.00		P	1121_23060	1121	BOC-101402	2023-07-07	2023-07-06
2306	440.00		P	1122_23060	1122	BOC-101403	2023-07-07	2023-07-06
2306	1057.50		P	1123_23060	1123	BOC-101404	2023-07-07	2023-07-06
2306	952.50		P	1123_23061	1123	BOC-101404	2023-07-07	2023-07-06
2308	1312.50		P	1015_23080	1015	BOC-101427	2023-09-01	2023-09-07
2308	1285.00		P	1057_23080	1057	BOC-101433	2023-09-01	2023-09-07
2308	70.00		P	1105_23080	1105	BOC-101438	2023-09-06	2023-09-07
2308	60.00		P	1115_23081	1115	BOC-101439	2023-09-06	2023-09-07
2308	480.00		P	1120_23080	1120	BOC-101441	2023-09-01	2023-09-07
2308	440.00		P	1122_23080	1122	BOC-101442	2023-09-01	2023-09-07
2308	2800.00		P	1142_23080	1142	BOC-101452	2023-09-06	2023-09-07
2308	160.00		P	1156_23082	1156	BOC-101458	2023-09-01	2023-09-07
2308	280.00		P	1165_23080	1165	BOC-101459	2023-09-06	2023-09-07
2308	656.30		P	1166_23080	1166	BOC-101460	2023-09-01	2023-09-07
2308	350.00	\n (5)=5.0\n*70=350.0	P	1170_23080	1170	BOC-101461	2023-09-06	2023-09-07
2308	260.00		P	1177_23080	1177	BOC-101464	2023-09-01	2023-09-07
2308	505.00		P	1177_23081	1177	BOC-101464	2023-09-01	2023-09-07
2308	1660.00		P	1001_23080	1001	BOC-101274	2023-09-07	2023-09-08
2308	0.00		P	1022_23080	1022	BOC-101278	2023-09-08	2023-09-08
2308	745.00		P	1036_23080	1036	BOC-101283	2023-09-08	2023-09-08
2308	292.50		P	1069_23080	1069	BOC-101287	2023-09-08	2023-09-08
2308	575.00		P	1138_23085	1138	BOC-101294	2023-09-07	2023-09-08
2308	2075.00		P	1167_23080	1167	BOC-101297	2023-09-07	2023-09-08
2308	470.00		P	1173_23080	1173	BOC-101300	2023-09-08	2023-09-08
2308	597.50		P	1121_23080	1121	BOC-101291	2023-09-08	2023-09-08
2308	1037.50	sat	N	1096_23083	1096		2023-09-10	\N
2309	280.00	 (4)=4.0\r\n*70=280.0	P	1105_23090	1105	BOC-101533	2023-10-06	\N
2309	3010.00		P	1001_23090	1001	BOC-101526	2023-10-06	\N
2309	596.60	日	P	1027_23091	1027	BOC-101529	2023-10-07	\N
2309	1805.00	一	P	1067_23093	1067	BOC-101531	2023-10-07	\N
2309	1779.00	日	P	1096_23091	1096	BOC-101532	2023-10-07	\N
2309	1827.50	 (21.5)=21.5\r\n*85=1827.5	P	1115_23090	1115	BOC-101535	2023-10-06	\N
2309	865.00		P	1120_23090	1120	BOC-101536	2023-10-07	\N
2309	722.50	 (8.5)=8.5\r\n*85=722.5	P	1125_23090	1125	BOC-101539	2023-10-06	\N
2309	680.00	三	P	1138_23093	1138	BOC-101542	2023-10-06	\N
2309	45.00	aug	P	1141_23091	1141	BOC-101544	2023-10-07	\N
2309	4750.00	 (47.5)=47.5\r\n*100=4750.0	P	1152_23090	1152	BOC-101547	2023-10-07	\N
2309	1925.00		P	1172_23090	1172	BOC-101552	2023-10-07	\N
2309	390.00	 (3)=3.0\r\n*130=390.0	P	1182_23091	1182	BOC-101560	2023-10-06	\N
2309	380.00		P	1184_23090	1184	BOC-101561	2023-10-07	\N
2309	540.00		P	1036_23090	1036	BOC-101565	2023-10-08	2023-10-08
2309	675.00	五	P	1047_23091	1047	BOC-101566	2023-10-08	2023-10-08
2309	415.00		P	1122_23090	1122	BOC-101573	2023-10-08	2023-10-08
2309	801.58		P	1166_23090	1166	BOC-101575	2023-10-08	2023-10-08
2309	1126.66	五	P	1166_23091	1166	BOC-101575	2023-10-08	2023-10-08
2310	455.00	\n (6.5)=6.5\n*70=455.0	P	1170_23100	1170	HSBC-591952	2023-11-04	2023-11-06
2306	1031.25		P	1131_23060	1131	BOC-101409	2023-07-07	2023-07-06
2306	2205.00		P	1134_23060	1134	BOC-101411	2023-07-07	2023-07-06
2306	595.00		P	1135_23060	1135	BOC-101412	2023-07-07	2023-07-06
2306	1200.00		P	1137_23060	1137	BOC-101413	2023-07-07	2023-07-06
2306	570.00		P	1138_23060	1138	BOC-101414	2023-07-07	2023-07-06
2306	2855.00		P	1138_23061	1138	BOC-101414	2023-07-07	2023-07-06
2306	565.00		P	1138_23062	1138	BOC-101414	2023-07-07	2023-07-06
2306	1045.00		P	1138_23063	1138	BOC-101414	2023-07-07	2023-07-06
2306	1397.50		P	1138_23064	1138	BOC-101414	2023-07-07	2023-07-06
2306	2760.00		P	1142_23060	1142	BOC-101417	2023-07-07	2023-07-06
2306	4600.00		P	1144_23060	1144	BOC-101418	2023-07-07	2023-07-06
2306	680.00		P	1146_23060	1146	BOC-101419	2023-07-07	2023-07-06
2306	6165.00		P	1152_23060	1152	BOC-101424	2023-07-07	2023-07-06
2309	2685.00		P	1029_23090	1029	BOC-101530	2023-10-07	\N
2309	3705.00	六	P	1067_23090	1067	BOC-101531	2023-10-07	\N
2308	640.00		P	1025_23082	1025	BOC-101279	2023-09-08	2023-09-08
2308	650.00		P	1027_23080	1027	BOC-101280	2023-09-08	2023-09-08
2306	285.00		P	1155_23060	1155	HSBC-754424	2023-07-07	2023-07-06
2306	475.00		P	1155_23061	1155	HSBC-754424	2023-07-07	2023-07-06
2306	130.00		P	1156_23060	1156	HSBC-754425	2023-07-07	2023-07-06
2306	1410.00		P	1156_23061	1156	HSBC-754425	2023-07-07	2023-07-06
2306	1487.50		P	1158_23060	1158	HSBC-754426	2023-07-07	2023-07-06
2306	80.00		P	1164_23060	1164	HSBC-754428	2023-07-07	2023-07-06
2306	770.00	7	P	1165_23060	1165	HSBC-754429	2023-07-07	2023-07-06
2306	540.00		P	1166_23060	1166	HSBC-754430	2023-07-07	2023-07-06
2306	517.50		P	1167_23060	1167	HSBC-754431	2023-07-07	2023-07-06
2307	1665.00		P	1067_23073	1067	HSBC-754439	2023-08-06	2023-08-06
2307	640.00		P	1069_23070	1069	HSBC-754440	2023-08-06	2023-08-06
2307	1320.00		P	1133_23070	1133	HSBC-754450	2023-08-06	2023-08-06
2307	2520.00		P	1142_23070	1142	HSBC-754455	2023-08-06	2023-08-06
2307	1920.00		P	1164_23070	1164	HSBC-754460	2023-08-06	2023-08-06
2307	135.00		P	1171_23070	1171	HSBC-754463	2023-08-06	2023-08-06
2307	1520.00		P	1169_23070	1169	BOC-265318	2023-08-08	\N
2307	582.50		P	1174_23070	1174	BOC-265299	2023-08-08	\N
2307	1810.00		P	1011_23070	1011	BOC-265303	2023-08-08	\N
2307	730.00		P	1146_23070	1146	BOC-754468	2023-08-08	\N
2307	2399.54		P	1047_23070	1047	BOC-265311	2023-08-08	\N
2307	760.00		P	1155_23070	1155	BOC-265294	2023-08-08	\N
2308	205.00		P	1013_23080	1013	BOC-101426	2023-09-01	2023-09-07
2308	2280.00	\n (38)=38.0\n*60=2280.0	P	1017_23080	1017	BOC-101428	2023-09-06	2023-09-07
2308	765.00		P	1025_23081	1025	BOC-101429	2023-09-01	2023-09-07
2308	135.00	\n (1.5)=1.5\n*90=135.0	P	1049_23080	1049	BOC-101431	2023-09-06	2023-09-07
2308	260.00		P	1059_23081	1059	BOC-101434	2023-09-01	2023-09-07
2308	1575.00		P	1067_23082	1067	BOC-101435	2023-09-01	2023-09-07
2308	240.00		P	1086_23080	1086	BOC-101436	2023-09-01	2023-09-07
2308	752.50		P	1096_23080	1096	BOC-101437	2023-09-01	2023-09-07
2308	625.00		P	1122_23081	1122	BOC-101442	2023-09-01	2023-09-07
2308	1280.00	\n (16)=16.0\n*80=1280.0	P	1125_23080	1125	BOC-101444	2023-09-06	2023-09-07
2308	3680.00		P	1137_23080	1137	BOC-101448	2023-09-06	2023-09-07
2308	480.00		P	1138_23080	1138	BOC-101449	2023-09-01	2023-09-07
2308	855.00	\n (9.5)=9.5\n*90=855.0	P	1141_23080	1141	BOC-101451	2023-09-06	2023-09-07
2308	3400.00	\n (80)=80.0\n*42.5=3400.0	P	1144_23080	1144	BOC-101453	2023-09-06	2023-09-07
2308	785.00		P	1176_23080	1176	BOC-101463	2023-09-01	2023-09-07
2308	1967.50		P	1067_23084	1067	BOC-101286	2023-09-07	2023-09-08
2308	315.00		P	1069_23081	1069	BOC-101287	2023-09-08	2023-09-08
2308	570.00		P	1097_23080	1097	BOC-101289	2023-09-08	2023-09-08
2308	865.00		P	1120_23081	1120	BOC-101291	2023-09-07	2023-09-08
2308	326.50		P	1166_23081	1166	BOC-101296	2023-09-08	2023-09-08
2308	855.00		P	1175_23080	1175	BOC-101301	2023-09-07	2023-09-08
2308	929.84	extra	N	1096_23084	1096		2023-09-10	\N
2309	1200.00	 (12)=12.0\r\n*100=1200.0	P	1178_23090	1178	BOC-101556	2023-10-06	\N
2309	1440.00	 (24)=24.0\r\n*60=1440.0	P	1017_23090	1017	BOC-101528	2023-10-06	\N
2309	1940.00	三	P	1067_23094	1067	BOC-101531	2023-10-07	\N
2309	180.00	一	P	1096_23092	1096	BOC-101532	2023-10-07	\N
2309	545.00	三	P	1120_23091	1120	BOC-101536	2023-10-07	\N
2309	945.00	 (10.5)=10.5\r\n*90=945.0	P	1125_23091	1125	BOC-101539	2023-10-06	\N
2309	2855.00	六	P	1138_23090	1138	BOC-101542	2023-10-06	\N
2309	1672.50	四	P	1138_23094	1138	BOC-101542	2023-10-06	\N
2309	2790.00		P	1167_23090	1167	BOC-101550	2023-10-07	\N
2309	700.00	 (10)=10.0\r\n*70=700.0	P	1170_23090	1170	BOC-101551	2023-10-07	\N
2309	385.00	六	P	1174_23090	1174	BOC-101554	2023-10-07	\N
2309	480.00	 (3)=3.0\r\n*160=480.0	P	1182_23092	1182	BOC-101560	2023-10-06	\N
2309	650.00		P	1014_23090	1014	BOC-101563	2023-10-08	2023-10-08
2309	450.00	日	P	1025_23090	1025	BOC-101564	2023-10-08	2023-10-08
2309	1352.50		P	1057_23090	1057	BOC-101567	2023-10-08	2023-10-08
2309	1090.00		P	1146_23090	1146	BOC-101574	2023-10-08	2023-10-08
2309	1315.00		P	1177_23090	1177	BOC-101501	2023-10-08	2023-10-08
2310	2635.00	\n (31)=31.0\n*85=2635.0	P	1115_23100	1115	BOC-101518	2023-11-04	2023-11-06
2310	1020.00	三	P	1025_23100	1025	BOC-101474	2023-11-07	2023-11-06
2310	400.00		P	1047_23101	1047	BOC-101506	2023-11-07	2023-11-06
2310	102.50	一	P	1096_23100	1096	BOC-101516	2023-11-06	2023-11-06
2310	2216.60	日	P	1096_23103	1096	BOC-101516	2023-11-07	2023-11-06
2310	1860.00	六	P	1120_23101	1120	BOC-101519	2023-11-07	2023-11-06
2310	637.50	\n (7.5)=7.5\n*85=637.5	P	1125_23100	1125	BOC-101523	2023-11-05	2023-11-06
2310	2920.00	\n (36.5)=36.5\n*80=2920.0	P	1137_23100	1137	BOC-101525	2023-11-05	2023-11-06
2310	785.00	三	P	1138_23100	1138	HSBC-591942	2023-11-07	2023-11-06
2310	1260.00	日	P	1138_23103	1138	HSBC-591942	2023-11-07	2023-11-06
2310	1599.99		P	1177_23100	1177	HSBC-591957	2023-11-07	2023-11-06
2310	405.00	\n (4.5)=4.5\n*90=405.0	P	1185_23100	1185	HSBC-717628	2023-11-04	2023-11-06
2310	525.00	\n (7.5)=7.5\n*70=525.0	P	1188_23100	1188	HSBC-717631	2023-11-05	2023-11-06
2310	477.50	五	P	1191_23100	1191	HSBC-717633	2023-11-07	2023-11-06
2310	4387.50	 (48.75)=48.75\r\n*90=4387.5	P	1189_23100	1189	HSBC-717635	2023-11-05	2023-11-06
2310	2262.50		P	1001_23100	1001	BOC-101468	2023-11-07	2023-11-06
2310	2187.50		P	1011_23100	1011	BOC-101469	2023-11-07	2023-11-06
2310	102.50		P	1013_23100	1013	BOC-101470	2023-11-07	2023-11-06
2310	487.50		P	1014_23100	1014	BOC-101471	2023-11-07	2023-11-06
2310	2340.00	\n (39)=39.0\n*60=2340.0	P	1017_23100	1017	BOC-101473	2023-11-04	2023-11-06
2310	122.50		P	1031_23100	1031	BOC-101504	2023-11-07	2023-11-06
2310	675.00		P	1036_23100	1036	BOC-101505	2023-11-07	2023-11-06
2310	1793.00		P	1060_23100	1060	BOC-101509	2023-11-07	2023-11-06
2310	1650.00	五	P	1067_23102	1067	BOC-101510	2023-11-07	2023-11-06
2310	376.25		P	1069_23100	1069	BOC-101511	2023-11-07	2023-11-06
2310	225.00	\n (1.5)=1.5\n*150=225.0	P	1080_23100	1080	BOC-101513	2023-11-04	2023-11-06
2310	2515.00		P	1093_23100	1093	BOC-101515	2023-11-07	2023-11-06
2310	595.00	六	P	1123_23100	1123	BOC-101522	2023-11-07	2023-11-06
2310	645.00	日	P	1123_23101	1123	BOC-101522	2023-11-07	2023-11-06
2310	720.00	 (80)=80.0\r\n*90=7200.0	P	1141_23100	1141	HSBC-591943	2023-11-04	2023-11-06
2310	870.00		P	1156_23100	1156	HSBC-591948	2023-11-07	2023-11-06
2310	1520.00	\n (19)=19.0\n*80=1520.0	P	1164_23100	1164	HSBC-591949	2023-11-04	2023-11-06
2310	2377.50		P	1172_23100	1172	HSBC-591953	2023-11-07	2023-11-06
2310	1050.00	\n (10.5)=10.5\n*100=1050.0	P	1178_23100	1178	HSBC-591958	2023-11-05	2023-11-06
2310	1170.00	\n (6)=6.0\n*195=1170.0	P	1182_23101	1182	HSBC-591960	2023-11-05	2023-11-06
2310	4774.60		P	1167_23100	1167	HSBC-717635	2023-11-07	2023-11-06
2310	2426.25		P	1192_23100	1192	HSBC-717637	2023-11-07	\N
2310	150.00		N	1193_23100	1193		2023-11-10	\N
2311	1402.50	四	P	1015_23110	1015	BOC-101576	2023-12-06	2023-12-07
2311	1721.25		P	1015_23111	1015	BOC-101576	2023-12-06	2023-12-07
2311	845.00		P	1059_23110	1059	BOC-101577	2023-12-06	2023-12-07
2311	195.00		P	1086_23110	1086	BOC-101578	2023-12-06	2023-12-07
2311	910.00	\n (13)=13.0\n*70=910.0	P	1105_23110	1105	BOC-101579	2023-12-07	2023-12-07
2311	220.00		P	1122_23110	1122	BOC-101580	2023-12-06	2023-12-07
2311	1960.00	\n (28)=28.0\n*70=1960.0	P	1134_23110	1134	BOC-101581	2023-12-07	2023-12-07
2311	3200.00	\n (40)=40.0\n*80=3200.0	P	1137_23110	1137	BOC-101582	2023-12-07	2023-12-07
2311	1920.00	四	P	1138_23110	1138	BOC-101583	2023-12-06	2023-12-07
2311	3337.50	六	P	1138_23111	1138	BOC-101583	2023-12-06	2023-12-07
2311	1092.50	日	P	1138_23112	1138	BOC-101583	2023-12-06	2023-12-07
2311	652.50	三	P	1138_23113	1138	BOC-101583	2023-12-07	2023-12-07
2311	4280.00	\n (53.5)=53.5\n*80=4280.0	P	1142_23110	1142	BOC-101585	2023-12-07	2023-12-07
2311	1215.00		P	1146_23110	1146	BOC-101586	2023-12-06	2023-12-07
2311	1396.63		P	1177_23110	1177	BOC-101587	2023-12-06	2023-12-07
2311	1050.00	\n (7)=7.0\n*150=1050.0	P	1187_23110	1187	BOC-101588	2023-12-07	2023-12-07
2311	740.00		P	1191_23110	1191	BOC-101589	2023-12-06	2023-12-07
2311	300.00		P	1193_23110	1193	BOC-101590	2023-12-07	2023-12-07
2311	900.00	\n (10)=10.0\n*90=900.0	P	1194_23110	1194	BOC-101591	2023-12-07	2023-12-07
2311	450.00		P	1047_23111	1047	BOC-101597	2023-12-07	2023-12-07
2311	809.99		P	1047_23110	1047	BOC-101597	2023-12-07	2023-12-07
2311	1090.00		P	1057_23110	1057	BOC-101598	2023-12-07	2023-12-07
2311	920.00		P	1164_23110	1164	BOC-101599	2023-12-07	2023-12-07
2311	3992.50		P	1166_23110	1166	BOC-101600	2023-12-07	2023-12-07
2311	725.00		P	1178_23110	1178	BOC-101601	2023-12-07	2023-12-07
2311	8775.00		P	1189_23110	1189	BOC-101592	2023-12-07	\N
2311	6040.00		P	1144_23110	1144	BOC-XXXXXX	2023-12-07	\N
2311	0.00	 (75.5)=75.5\r\n*80=6040.0\r\n\r\nCancelled	P	1140_23110	1140	BOC-101584	2023-12-07	2023-12-07
2311	2080.00		P	1011_23110	1011	BOC-101603	2023-12-09	2023-12-08
2311	2585.00		P	1001_23110	1001	BOC-101602	2023-12-09	2023-12-08
2311	1680.00	\n (28)=28.0\n*60=1680.0	P	1017_23110	1017	BOC-101604	2023-12-09	2023-12-08
2311	1351.66	六	P	1027_23110	1027	BOC-101605	2023-12-09	2023-12-08
2311	840.00	日	P	1027_23111	1027	BOC-101605	2023-12-09	2023-12-08
2311	2646.25		P	1029_23110	1029	BOC-101606	2023-12-09	2023-12-08
2311	3447.50	六	P	1067_23110	1067	BOC-101607	2023-12-09	2023-12-08
2311	1155.00	日	P	1067_23111	1067	BOC-101607	2023-12-09	2023-12-08
2311	1707.50	一	P	1067_23112	1067	BOC-101607	2023-12-09	2023-12-08
2311	2285.00	三	P	1067_23113	1067	BOC-101607	2023-12-09	2023-12-08
2311	1480.00	五	P	1067_23114	1067	BOC-101607	2023-12-09	2023-12-08
2311	1190.00	六	P	1096_23110	1096	BOC-101608	2023-12-09	2023-12-08
2311	2048.35	日	P	1096_23111	1096	BOC-101608	2023-12-09	2023-12-08
2311	307.50	一	P	1096_23112	1096	BOC-101608	2023-12-09	2023-12-08
2311	1190.00	二	P	1096_23113	1096	BOC-101608	2023-12-09	2023-12-08
2311	190.00		P	1110_23110	1110	BOC-101609	2023-12-09	2023-12-08
2311	2082.50	\n (24.5)=24.5\n*85=2082.5	P	1115_23110	1115	BOC-101610	2023-12-09	2023-12-08
2311	1290.00	六	P	1120_23110	1120	BOC-101611	2023-12-08	2023-12-08
2311	1009.20	三	P	1120_23111	1120	BOC-101611	2023-12-08	2023-12-08
2311	1797.50		P	1121_23110	1121	BOC-101612	2023-12-08	2023-12-08
2311	580.00	六	P	1123_23110	1123	BOC-101613	2023-12-09	2023-12-08
2311	645.00	日	P	1123_23111	1123	BOC-101613	2023-12-09	2023-12-08
2311	765.00	\n (9)=9.0\n*85=765.0	P	1125_23110	1125	BOC-101614	2023-12-09	2023-12-08
2311	135.00	\n (1.5)=1.5\n*90=135.0	P	1125_23111	1125	BOC-101614	2023-12-09	2023-12-08
2311	506.25	\n (6.75)=6.75\n*75=506.25	P	1131_23110	1131	BOC-101615	2023-12-09	2023-12-08
2311	1140.00		P	1156_23110	1156	BOC-101616	2023-12-09	2023-12-08
2311	1672.50		P	1167_23110	1167	BOC-101617	2023-12-09	2023-12-08
2311	2282.50		P	1172_23110	1172	BOC-101618	2023-12-09	2023-12-08
2311	1017.50		P	1173_23110	1173	BOC-101619	2023-12-09	2023-12-08
2311	645.00		P	1174_23110	1174	BOC-101620	2023-12-09	2023-12-08
2311	1113.75		P	1175_23110	1175	BOC-101621	2023-12-09	2023-12-08
2311	1755.00	哥\n (13.5)=13.5\n*130=1755.0	P	1182_23110	1182	BOC-101622	2023-12-09	2023-12-08
2311	720.00	淇\n (4.5)=4.5\n*160=720.0	P	1182_23111	1182	BOC-101622	2023-12-09	2023-12-08
2311	450.00	弟\n (4.5)=4.5\n*100=450.0	P	1182_23112	1182	BOC-101622	2023-12-09	2023-12-08
2311	735.00	六	P	1184_23110	1184	BOC-101623	2023-12-09	2023-12-08
2311	5900.00	 (59)=59.0\r\n*100=5900.0	P	1152_23110	1152	HSBC-717640	2023-12-09	\N
2312	500.00	\n (5)=5.0\n*100=500.0	P	1193_24000	1193	HSBC-847675	2024-01-03	2024-01-06
2312	2925.00	\n (32.5)=32.5\n*90=2925.0	P	1194_24000	1194	HSBC-847676	2024-01-02	2024-01-06
2312	882.50	piano	P	1194_24001	1194	HSBC-847676	2024-01-06	2024-01-06
2312	1050.00	\n (10.5)=10.5\n*100=1050.0	P	1197_24000	1197	HSBC-847677	2024-01-03	2024-01-06
2312	2635.00		P	1001_24000	1001	BOC-101623	2024-01-06	2024-01-06
2312	487.50		P	1014_24000	1014	BOC-101624	2024-01-06	2024-01-06
2312	1980.00	\n (33)=33.0\n*60=1980.0	P	1017_24000	1017	BOC-101625	2024-01-02	2024-01-06
2312	626.00	日	P	1027_24000	1027	BOC-101627	2024-01-06	2024-01-06
2312	1540.00		P	1027_24001	1027	BOC-101627	2024-01-06	2024-01-06
2312	2280.00		P	1060_24000	1060	BOC-101629	2024-01-06	2024-01-06
2312	1385.00	日	P	1067_24000	1067	BOC-101630	2024-01-06	2024-01-06
2312	1015.00	一	P	1067_24001	1067	BOC-101630	2024-01-06	2024-01-06
2312	1540.00	三	P	1067_24002	1067	BOC-101630	2024-01-06	2024-01-06
2312	1955.00	五	P	1067_24003	1067	BOC-101630	2024-01-06	2024-01-06
2312	4485.00	六	P	1067_24004	1067	BOC-101630	2024-01-06	2024-01-06
2312	675.00	\n (3)=3.0\n*225=675.0	P	1080_24000	1080	BOC-101632	2024-01-04	2024-01-06
2312	825.00	\n (5)=5.0\n*165=825.0	P	1080_24001	1080	BOC-101632	2024-01-04	2024-01-06
2312	1400.00	\n (20)=20.0\n*70=1400.0	P	1105_24000	1105	BOC-101635	2024-01-03	2024-01-06
2312	1657.50	\n (19.5)=19.5\n*85=1657.5	P	1115_24000	1115	BOC-101636	2024-01-03	2024-01-06
2312	552.50	\n (6.5)=6.5\n*85=552.5	P	1125_24000	1125	BOC-101638	2024-01-03	2024-01-06
2312	405.00	\n (4.5)=4.5\n*90=405.0	P	1125_24001	1125	BOC-101638	2024-01-03	2024-01-06
2312	1610.00	\n (23)=23.0\n*70=1610.0	P	1134_24000	1134	BOC-101639	2024-01-03	2024-01-06
2312	3280.00	\n (41)=41.0\n*80=3280.0	P	1137_24000	1137	BOC-101640	2024-01-02	2024-01-06
2312	1232.50	日	P	1138_24000	1138	BOC-101641	2024-01-06	2024-01-06
2312	1107.50	三	P	1138_24001	1138	BOC-101641	2024-01-06	2024-01-06
2312	897.50	四	P	1138_24002	1138	BOC-101641	2024-01-06	2024-01-06
2312	897.50	四	P	1138_24003	1138	BOC-101641	2024-01-06	2024-01-06
2312	3137.50	六	P	1138_24004	1138	BOC-101641	2024-01-06	2024-01-06
2312	540.00	\n (6)=6.0\n*90=540.0	P	1141_24000	1141	BOC-101642	2024-01-03	2024-01-06
2312	5560.00	\n (69.5)=69.5\n*80=5560.0	P	1142_24000	1142	BOC-101643	2024-01-02	2024-01-06
2312	5120.00	\n (64)=64.0\n*80=5120.0	P	1144_24000	1144	BOC-101644	2024-01-02	2024-01-06
2312	4400.00	\n (44)=44.0\n*100=4400.0	P	1152_24000	1152	BOC-101645	2024-01-04	2024-01-06
2312	300.00	\n (4)=4.0\n*75=300.0	P	1159_24000	1159	BOC-101646	2024-01-03	2024-01-06
2312	560.00	\n (8)=8.0\n*70=560.0	P	1170_24000	1170	BOC-101648	2024-01-02	2024-01-06
2312	500.00	\n (5)=5.0\n*100=500.0	P	1178_24000	1178	BOC-101649	2024-01-03	2024-01-06
2312	945.00	\n (10.5)=10.5\n*90=945.0	P	1180_24000	1180	BOC-101650	2024-01-02	2024-01-06
2312	2925.00	\n (15)=15.0\n*195=2925.0	P	1182_24000	1182	HSBC-847671	2024-01-04	2024-01-06
2312	750.00	\n (5)=5.0\n*150=750.0	P	1182_24001	1182	HSBC-847671	2024-01-04	2024-01-06
2312	1200.00	\n (5)=5.0\n*240=1200.0	P	1182_24002	1182	HSBC-847671	2024-01-04	2024-01-06
2312	1350.00	\n (13.5)=13.5\n*100=1350.0	P	1187_24000	1187	HSBC-847672	2024-01-03	2024-01-06
2312	9270.00	\n (103)=103.0\n*90=9270.0	P	1189_24000	1189	HSBC-847673	2024-01-03	2024-01-06
2312	2381.25		P	1015_23120	1015	HSBC-847700	2024-01-09	\N
2312	790.00		P	1146_23120	1146	HSBC-847701	2024-01-11	\N
2312	675.00		P	1036_24000	1036	BOC-101628	2024-01-06	2024-01-06
2312	1220.00		P	1069_24000	1069	BOC-101631	2024-01-06	2024-01-06
2312	2505.00		P	1093_24000	1093	BOC-101633	2024-01-06	2024-01-06
2312	1991.50	日	P	1096_24000	1096	BOC-101634	2024-01-06	2024-01-06
2312	410.00	一	P	1096_24001	1096	BOC-101634	2024-01-06	2024-01-06
2312	885.00	二	P	1096_24002	1096	BOC-101634	2024-01-06	2024-01-06
2312	1612.50	日	P	1123_24000	1123	BOC-101637	2024-01-06	2024-01-06
2312	700.00	六	P	1123_24001	1123	BOC-101637	2024-01-06	2024-01-06
2312	1440.00		P	1164_24000	1164	BOC-101647	2024-01-07	2024-01-06
2312	935.00		P	1192_24000	1192	HSBC-847674	2024-01-06	2024-01-06
2312	750.00	日	P	1025_24000	1025	HSBC-847678	2024-01-06	2024-01-06
2312	1085.00	三	P	1025_24001	1025	HSBC-847678	2024-01-06	2024-01-06
2401	1097.50	四	P	1015_24010	1015	BOC-101651	2024-02-06	2024-02-06
2312	2077.50		P	1011_24000	1011	HSBC-847679	2024-01-07	2024-01-08
2312	2212.50		P	1029_24000	1029	HSBC-847680	2024-01-07	2024-01-08
2312	1102.50	五	P	1047_24000	1047	HSBC-847681	2024-01-07	2024-01-08
2312	1110.00		P	1057_24000	1057	HSBC-847682	2024-01-07	2024-01-08
2312	445.00		P	1059_24000	1059	HSBC-847683	2024-01-07	2024-01-08
2312	195.00		P	1086_24000	1086	HSBC-847684	2024-01-07	2024-01-08
2312	740.00		P	1110_24000	1110	HSBC-847685	2024-01-07	2024-01-08
2312	285.00	三	P	1110_24001	1110	HSBC-847685	2024-01-07	2024-01-08
2312	675.00	三	P	1120_24000	1120	HSBC-847686	2024-01-07	2024-01-08
2312	1625.00	六	P	1120_24001	1120	HSBC-847686	2024-01-07	2024-01-08
2312	1902.50		P	1121_24000	1121	HSBC-847687	2024-01-07	2024-01-08
2312	220.00		P	1122_24000	1122	HSBC-847688	2024-01-07	2024-01-08
2312	1272.50		P	1156_24000	1156	HSBC-847689	2024-01-07	2024-01-08
2312	3419.15	日	P	1166_24000	1166	HSBC-847690	2024-01-07	2024-01-08
2312	1775.00	五	P	1166_24001	1166	HSBC-847690	2024-01-07	2024-01-08
2312	2057.50		P	1167_24000	1167	HSBC-847691	2024-01-07	2024-01-08
2312	2540.00		P	1172_24000	1172	HSBC-847692	2024-01-07	2024-01-08
2312	737.50		P	1173_24000	1173	HSBC-847693	2024-01-07	2024-01-08
2312	2328.75		P	1175_24000	1175	HSBC-847694	2024-01-07	2024-01-08
2312	1823.00	六	P	1184_24000	1184	HSBC-847695	2024-01-07	2024-01-08
2312	837.50		P	1191_24000	1191	HSBC-847696	2024-01-07	2024-01-08
2312	1640.00		P	1198_24000	1198	HSBC-847697	2024-01-07	2024-01-08
2401	500.00	 (5)=5.0\r\n*100=500.0	P	1193_24010	1193	BOC-101685	2024-02-06	\N
2401	675.00	 (7.5)=7.5\r\n*90=675.0	P	1141_24010	1141	BOC-101686	2024-02-06	\N
2401	270.00	 (3)=3.0\r\n*90=270.0	P	1201_24010	1201	BOC-101687	2024-02-06	\N
2401	1545.00	五	M	1067_24010	1067		2024-02-06	\N
2401	1505.00	一	M	1067_24011	1067		2024-02-06	\N
2401	2255.00	三	M	1067_24012	1067		2024-02-06	\N
2401	1737.50	二	M	1096_24010	1096		2024-02-06	\N
2401	730.00	一	M	1096_24011	1096		2024-02-06	\N
2401	1890.00	五	P	1015_24011	1015	BOC-101651	2024-02-06	2024-02-06
2401	2220.00	\n (37)=37.0\n*60=2220.0	P	1017_24010	1017	BOC-101652	2024-02-06	2024-02-06
2401	1010.00	三	P	1025_24010	1025	BOC-101653	2024-02-06	2024-02-06
2401	450.00	六	P	1025_24011	1025	BOC-101653	2024-02-06	2024-02-06
2401	982.50	五	P	1047_24010	1047	BOC-101654	2024-02-06	2024-02-06
2401	700.00		P	1047_24011	1047	BOC-101654	2024-02-06	2024-02-06
2401	260.00		P	1059_24010	1059	BOC-101655	2024-02-06	2024-02-06
2401	260.00		P	1086_24010	1086	BOC-101656	2024-02-06	2024-02-06
2401	1120.00	\n (16)=16.0\n*70=1120.0	P	1105_24010	1105	BOC-101657	2024-02-05	2024-02-06
2401	1641.00		P	1110_24010	1110	BOC-101658	2024-02-06	2024-02-06
2401	190.00	四	P	1110_24011	1110	BOC-101658	2024-02-06	2024-02-06
2401	2167.50	\n (25.5)=25.5\n*85=2167.5	P	1115_24010	1115	BOC-101659	2024-02-05	2024-02-06
2401	730.00	三	P	1120_24010	1120	BOC-101660	2024-02-06	2024-02-06
2401	1145.00	六	P	1120_24011	1120	BOC-101660	2024-02-06	2024-02-06
2401	330.00		P	1122_24010	1122	BOC-101661	2024-02-06	2024-02-06
2401	405.00	\n (4.5)=4.5\n*90=405.0	P	1125_24011	1125	BOC-101662	2024-02-05	2024-02-06
2401	225.00	\n (3)=3.0\n*75=225.0	P	1131_24010	1131	BOC-101663	2024-02-05	2024-02-06
2401	2625.00		P	1134_24010	1134	BOC-101664	2024-02-05	2024-02-06
2401	2880.00	\n (36)=36.0\n*80=2880.0	P	1137_24010	1137	BOC-101665	2024-02-05	2024-02-06
2401	1140.00	三	P	1138_24010	1138	BOC-101666	2024-02-06	2024-02-06
2401	502.50	四	P	1138_24011	1138	BOC-101666	2024-02-06	2024-02-06
2401	3352.50	六	P	1138_24012	1138	BOC-101666	2024-02-06	2024-02-06
2401	1407.50	日	P	1138_24013	1138	BOC-101666	2024-02-06	2024-02-06
2401	2800.00	\n (35)=35.0\n*80=2800.0	P	1142_24010	1142	BOC-101667	2024-02-05	2024-02-06
2401	4640.00		P	1144_24010	1144	BOC-101668	2024-02-05	2024-02-06
2401	1275.00		P	1146_24010	1146	BOC-101669	2024-02-06	2024-02-06
2401	3700.00		P	1152_24010	1152	BOC-101670	2024-02-05	2024-02-06
2401	582.50	五	P	1166_24010	1166	BOC-101671	2024-02-06	2024-02-06
2401	1297.50	日	P	1166_24011	1166	BOC-101671	2024-02-06	2024-02-06
2401	1575.00	\n (17.5)=17.5\n*90=1575.0	P	1180_24010	1180	BOC-101674	2024-02-06	2024-02-06
2401	2145.00	\n (11)=11.0\n*195=2145.0	P	1182_24010	1182	BOC-101675	2024-02-05	2024-02-06
2401	600.00	\n (4)=4.0\n*150=600.0	P	1182_24011	1182	BOC-101675	2024-02-05	2024-02-06
2401	720.00	\n (3)=3.0\n*240=720.0	P	1182_24012	1182	BOC-101675	2024-02-05	2024-02-06
2401	1050.00		P	1187_24010	1187	BOC-101676	2024-02-05	2024-02-06
2401	12825.00	\n (142.5)=142.5\n*90=12825.0	P	1189_24010	1189	BOC-101677	2024-02-05	2024-02-06
2401	555.00		P	1191_24010	1191	BOC-101678	2024-02-06	2024-02-06
2401	2475.00	\n (27.5)=27.5\n*90=2475.0	P	1194_24010	1194	BOC-101679	2024-02-05	2024-02-06
2401	830.00		P	1194_24011	1194	BOC-101679	2024-02-05	2024-02-06
2401	600.00		P	1197_24010	1197	BOC-101680	2024-02-05	2024-02-06
2401	2567.50		P	1198_24010	1198	BOC-101681	2024-02-06	2024-02-06
2401	150.00		P	1199_24010	1199	BOC-101682	2024-02-05	2024-02-06
2401	743.75	\n (8.75)=8.75\n*85=743.75	P	1200_24010	1200	BOC-101683	2024-02-05	2024-02-06
2401	1250.00	\n (12.5)=12.5\n*100=1250.0	P	1202_24010	1202	BOC-101684	2024-02-05	2024-02-06
2401	312.50		P	1203_24010	1203	BOC-101685	2024-02-06	2024-02-06
2401	1955.00		P	1167_24010	1167	HSBC-847705	2024-02-06	2024-02-06
2401	255.00	\n (3)=3.0\n*85=255.0	P	1125_24010	1125	BOC-101662	2024-02-05	2024-02-06
2401	525.00	\n (7.5)=7.5\n*70=525.0	P	1170_24010	1170	BOC-101673	2024-02-05	2024-02-06
2401	3270.00	六	N	1067_24013	1067		2024-02-07	\N
2401	1097.50	日	N	1067_24014	1067		2024-02-07	\N
2401	0.00		P	1067_24015	1067	HSBC-547703	2024-02-07	\N
2401	3372.50	日	N	1096_24012	1096		2024-02-07	\N
2401	1100.00	日	N	1096_24013	1096		2024-02-07	\N
2401	0.00		P	1096_24014	1096	HSBC-847704	2024-02-07	\N
2401	1135.00		P	1204_24010	1204	HSBC-847706	2024-02-08	\N
2401	1634.00		P	1060_24010	1060	HSBC-847707	2024-02-14	\N
2401	2092.50	六日	P	1123_24010	1123	BOC-101726	2024-02-16	\N
2401	1280.00		P	1156_24010	1156	BOC-101728	2024-02-16	\N
2401	2415.00		P	1001_24010	1001	BOC-101727	2024-02-16	\N
2401	1910.00		P	1172_24010	1172	BOC-101729	2024-02-16	\N
2401	2215.00		P	1175_24010	1175	BOC-101730	2024-02-17	\N
2401	936.00		P	1184_24010	1184	BOC-101731	2024-02-17	\N
2401	1890.00		P	1029_24010	1029	BOC-101732	2024-02-17	\N
2401	1991.66		P	1011_24010	1011	BOC-101733	2024-02-17	\N
2401	2385.00		P	1027_24010	1027	BOC-101734	2024-02-17	\N
2401	1745.00		P	1121_24010	1121	BOC-101735	2024-02-17	\N
2401	325.00		P	1014_24010	1014	BOC-101736	2024-02-17	\N
2401	1077.50		P	1069_24010	1069	BOC-101737	2024-02-17	\N
2401	782.50		P	1192_24010	1192	BOC-101738	2024-02-17	\N
2401	305.00		P	1206_24010	1206	BOC-101739	2024-02-17	\N
2401	2047.50		P	1093_24010	1093	BOC-101740	2024-02-17	\N
2401	540.00		P	1036_24010	1036	BOC-101741	2024-02-17	\N
2401	1050.00		P	1057_24010	1057	BOC-101742	2024-02-06	\N
2402	700.00		P	1011_24020	1011	BOC-101688	2024-03-06	2024-03-06
2402	1410.00		P	1015_24020	1015	BOC-101689	2024-03-06	2024-03-06
2402	1113.75	五	P	1015_24021	1015	BOC-101689	2024-03-06	2024-03-06
2402	755.00	三	P	1025_24020	1025	BOC-101690	2024-03-06	2024-03-06
2402	450.00	日	P	1025_24021	1025	BOC-101690	2024-03-06	2024-03-06
2402	1340.50	六	P	1027_24020	1027	BOC-101691	2024-03-06	2024-03-06
2402	750.00	日	P	1027_24021	1027	BOC-101691	2024-03-06	2024-03-06
2402	1140.00		P	1047_24020	1047	BOC-101692	2024-03-06	2024-03-06
2402	350.00	日	P	1047_24021	1047	BOC-101692	2024-03-06	2024-03-06
2402	982.50		P	1057_24020	1057	BOC-101693	2024-03-06	2024-03-06
2402	260.00		P	1059_24020	1059	BOC-101694	2024-03-06	2024-03-06
2402	657.50	一	P	1067_24020	1067	BOC-101695	2024-03-06	2024-03-06
2402	1180.00	三	P	1067_24021	1067	BOC-101695	2024-03-06	2024-03-06
2402	812.50	五	P	1067_24022	1067	BOC-101695	2024-03-06	2024-03-06
2402	1577.50		P	1067_24023	1067	BOC-101695	2024-03-06	2024-03-06
2402	730.00	日	P	1067_24024	1067	BOC-101695	2024-03-06	2024-03-06
2402	260.00		P	1086_24020	1086	BOC-101696	2024-03-06	2024-03-06
2402	205.00		P	1096_24020	1096	BOC-101697	2024-03-06	2024-03-06
2402	890.00	二	P	1096_24021	1096	BOC-101697	2024-03-06	2024-03-06
2402	970.00	六	P	1096_24022	1096	BOC-101697	2024-03-06	2024-03-06
2402	1718.75	日	P	1096_24023	1096	BOC-101697	2024-03-06	2024-03-06
2402	245.00	\n (3.5)=3.5\n*70=245.0	P	1105_24020	1105	BOC-101698	2024-03-06	2024-03-06
2402	410.00	一	P	1110_24020	1110	BOC-101699	2024-03-06	2024-03-06
2402	393.00	五	P	1110_24021	1110	BOC-101699	2024-03-06	2024-03-06
2402	1232.50	\n (14.5)=14.5\n*85=1232.5	P	1115_24020	1115	BOC-101700	2024-03-06	2024-03-06
2402	555.00	三	P	1120_24020	1120	BOC-101701	2024-03-06	2024-03-06
2402	395.00	六	P	1120_24021	1120	BOC-101701	2024-03-06	2024-03-06
2402	1178.75		P	1121_24020	1121	BOC-101702	2024-03-06	2024-03-06
2402	170.00	\n (2)=2.0\n*85=170.0	P	1125_24020	1125	BOC-101703	2024-03-06	2024-03-06
2402	1260.00	\n (18)=18.0\n*70=1260.0	P	1134_24020	1134	BOC-101704	2024-03-06	2024-03-06
2402	1360.00	\n (17)=17.0\n*80=1360.0	P	1137_24020	1137	BOC-101705	2024-03-06	2024-03-06
2402	675.00	\n (7.5)=7.5\n*90=675.0	P	1141_24020	1141	BOC-101706	2024-03-06	2024-03-06
2402	180.00	January	P	1141_24021	1141	BOC-101706	2024-03-06	2024-03-06
2402	1640.00	\n (20.5)=20.5\n*80=1640.0	P	1142_24020	1142	BOC-101707	2024-03-06	2024-03-06
2402	3480.00	\n (43.5)=43.5\n*80=3480.0	P	1144_24020	1144	BOC-101708	2024-03-06	2024-03-06
2402	1105.00		P	1146_24020	1146	BOC-101709	2024-03-06	2024-03-06
2402	2300.00	\n (23)=23.0\n*100=2300.0	P	1152_24020	1152	BOC-101710	2024-03-06	2024-03-06
2402	1065.00		P	1166_24020	1166	BOC-101711	2024-03-06	2024-03-06
2402	2180.00	日	P	1166_24021	1166	BOC-101711	2024-03-06	2024-03-06
2402	315.00	\n (4.5)=4.5\n*70=315.0	P	1170_24020	1170	BOC-101712	2024-03-06	2024-03-06
2402	540.00	\n (6)=6.0\n*90=540.0	P	1180_24020	1180	BOC-101713	2024-03-06	2024-03-06
2402	975.00	\n (5)=5.0\n*195=975.0	P	1182_24020	1182	BOC-101714	2024-03-06	2024-03-06
2402	450.00	\n (3)=3.0\n*150=450.0	P	1182_24021	1182	BOC-101714	2024-03-06	2024-03-06
2402	720.00	\n (3)=3.0\n*240=720.0	P	1182_24022	1182	BOC-101714	2024-03-06	2024-03-06
2402	150.00		P	1187_24020	1187	BOC-101715	2024-03-06	2024-03-06
2402	4860.00	\n (54)=54.0\n*90=4860.0	P	1189_24020	1189	BOC-101716	2024-03-06	2024-03-06
2402	195.00		P	1191_24020	1191	BOC-101717	2024-03-06	2024-03-06
2402	200.00	\n (2)=2.0\n*100=200.0	P	1193_24020	1193	BOC-101718	2024-03-06	2024-03-06
2402	200.00	January	P	1193_24021	1193	BOC-101718	2024-03-06	2024-03-06
2402	810.00	\n (9)=9.0\n*90=810.0	P	1194_24020	1194	BOC-101719	2024-03-06	2024-03-06
2402	810.00	\n (9)=9.0\n*90=810.0	P	1199_24020	1199	BOC-101720	2024-03-06	2024-03-06
2402	900.00	\n (9)=9.0\n*100=900.0	P	1199_24021	1199	BOC-101720	2024-03-06	2024-03-06
2402	1062.50	\n (12.5)=12.5\n*85=1062.5	P	1200_24020	1200	BOC-101721	2024-03-06	2024-03-06
2402	810.00	\n (9)=9.0\n*90=810.0	P	1201_24020	1201	BOC-101722	2024-03-06	2024-03-06
2402	450.00	\n (4.5)=4.5\n*100=450.0	P	1202_24020	1202	BOC-101723	2024-03-06	2024-03-06
2402	50.00	January	P	1202_24021	1202	BOC-101723	2024-03-06	2024-03-06
2402	1805.00		P	1203_24020	1203	BOC-101724	2024-03-06	2024-03-06
2402	450.00	\n (4.5)=4.5\n*100=450.0	P	1207_24020	1207	BOC-101725	2024-03-06	2024-03-06
2402	1132.50		P	1208_24020	1208	BOC-101744	2024-03-06	2024-03-06
2402	940.00		P	1209_24020	1209	BOC-101745	2024-03-06	2024-03-06
2402	1532.50	六	P	1207_24021	1207	BOC-101725	2024-03-07	\N
2402	846.25	日	P	1207_24022	1207	BOC-101725	2024-03-07	\N
2402	667.50	Piano	P	1194_24021	1194	BOC-101719	2024-03-07	\N
2402	1790.00		P	1001_24020	1001	HSBC-265329	2024-03-09	\N
2402	210.00		P	1206_24020	1206	HSBC-265330	2024-03-09	\N
2402	325.00		P	1014_24020	1014	BOC-101746	2024-03-07	2024-03-09
2402	805.00		P	1016_24020	1016	BOC-101747	2024-03-07	2024-03-09
2402	1635.00		P	1029_24020	1029	BOC-101748	2024-03-07	2024-03-09
2402	405.00		P	1036_24020	1036	BOC-101749	2024-03-07	2024-03-09
2402	1501.00		P	1060_24020	1060	BOC-101750	2024-03-07	2024-03-09
2402	787.50		P	1069_24020	1069	HSBC-265319	2024-03-07	2024-03-09
2402	1837.50		P	1093_24020	1093	HSBC-265320	2024-03-07	2024-03-09
2402	577.50	六	P	1123_24020	1123	HSBC-265321	2024-03-07	2024-03-09
2402	645.00	日	P	1123_24021	1123	HSBC-265321	2024-03-07	2024-03-09
2402	1340.00		P	1156_24020	1156	HSBC-265322	2024-03-07	2024-03-09
2402	1525.00		P	1167_24020	1167	HSBC-265323	2024-03-07	2024-03-09
2402	1659.37		P	1172_24020	1172	HSBC-265324	2024-03-07	2024-03-09
2402	1570.00		P	1175_24020	1175	HSBC-265325	2024-03-08	2024-03-09
2402	926.50		P	1184_24020	1184	HSBC-265326	2024-03-07	2024-03-09
2402	535.00		P	1192_24020	1192	HSBC-265327	2024-03-07	2024-03-09
2402	1165.00	February	P	1210_24020	1210	HSBC-265328	2024-03-07	2024-03-09
2402	857.50	January	P	1210_24021	1210	HSBC-265328	2024-03-07	2024-03-09
2403	2375.00		P	1001_24030	1001	BOC-101751	2024-04-06	2024-04-06
2403	487.50		P	1014_24030	1014	BOC-101752	2024-04-06	2024-04-06
2403	1695.00		P	1027_24030	1027	BOC-101753	2024-04-06	2024-04-06
2403	1160.00	sun	P	1027_24031	1027	BOC-101753	2024-04-06	2024-04-06
2403	540.00		P	1036_24030	1036	BOC-101754	2024-04-06	2024-04-06
2403	1242.50	fri	P	1047_24030	1047	BOC-101755	2024-04-06	2024-04-06
2403	900.00	sun	P	1047_24031	1047	BOC-101755	2024-04-06	2024-04-06
2403	1002.50		P	1057_24030	1057	BOC-101756	2024-04-06	2024-04-06
2403	1110.00	mon	P	1067_24030	1067	BOC-101757	2024-04-06	2024-04-06
2403	1530.00	wed	P	1067_24031	1067	BOC-101757	2024-04-06	2024-04-06
2403	1887.50	fri	P	1067_24032	1067	BOC-101757	2024-04-06	2024-04-06
2403	3420.00	sat	P	1067_24033	1067	BOC-101757	2024-04-06	2024-04-06
2403	1107.50	sun	P	1067_24034	1067	BOC-101757	2024-04-06	2024-04-06
2403	2475.00		P	1093_24030	1093	BOC-101758	2024-04-06	2024-04-06
2403	1342.50	sun	P	1096_24030	1096	BOC-101759	2024-04-06	2024-04-06
2403	102.50	mon	P	1096_24031	1096	BOC-101759	2024-04-06	2024-04-06
2403	1242.50	tue	P	1096_24032	1096	BOC-101759	2024-04-06	2024-04-06
2403	1177.50	sat	P	1096_24033	1096	BOC-101759	2024-04-06	2024-04-06
2403	2275.00	\n (32.5)=32.5\n*70=2275.0	P	1134_24030	1134	BOC-101760	2024-04-06	2024-04-06
2403	2400.00	\n (30)=30.0\n*80=2400.0	P	1137_24030	1137	BOC-101761	2024-04-06	2024-04-06
2403	3000.00	\n (37.5)=37.5\n*80=3000.0	P	1142_24030	1142	BOC-101762	2024-04-06	2024-04-06
2403	5880.00	\n (73.5)=73.5\n*80=5880.0	P	1144_24030	1144	BOC-101763	2024-04-06	2024-04-06
2403	960.00	\n (12)=12.0\n*80=960.0	P	1164_24030	1164	BOC-101764	2024-04-06	2024-04-06
2403	595.00	\n (7)=7.0\n*85=595.0	P	1170_24030	1170	BOC-101765	2024-04-06	2024-04-06
2403	1620.00	\n (18)=18.0\n*90=1620.0	P	1180_24030	1180	BOC-101766	2024-04-06	2024-04-06
2403	5175.00	\n (57.5)=57.5\n*90=5175.0	P	1189_24030	1189	BOC-101767	2024-04-06	2024-04-06
2403	1845.00	tutor	P	1194_24030	1194	BOC-101768	2024-04-06	2024-04-06
2403	907.50	sun	P	1194_24031	1194	BOC-101768	2024-04-06	2024-04-06
2403	2070.00	\n (23)=23.0\n*90=2070.0	P	1199_24030	1199	BOC-101769	2024-04-06	2024-04-06
2403	900.00	\n (9)=9.0\n*100=900.0	P	1202_24030	1202	BOC-101770	2024-04-06	2024-04-06
2403	1490.00		P	1206_24030	1206	BOC-101771	2024-04-06	2024-04-06
2403	3062.50	sat	P	1207_24030	1207	BOC-101772	2024-04-06	2024-04-06
2403	1260.00	sun	P	1207_24031	1207	BOC-101772	2024-04-06	2024-04-06
2403	400.00	tutor	P	1207_24032	1207	BOC-101772	2024-04-06	2024-04-06
2403	1200.00	\n (12)=12.0\n*100=1200.0	N	1193_24030	1193		2024-04-07	\N
2403	3800.00		N	1152_24030	1152		2024-04-07	\N
2403	1330.00	\n (19)=19.0\n*70=1330.0	N	1105_24030	1105		2024-04-07	\N
2403	945.00	\n (10.5)=10.5\n*90=945.0	N	1201_24030	1201		2024-04-07	\N
2403	2295.00	\n (25.5)=25.5\n*90=2295.0	N	1141_24030	1141		2024-04-07	\N
2403	1800.00	tutor\n (18)=18.0\n*100=1800.0	N	1210_24030	1210		2024-04-07	\N
2403	515.00	sun	N	1210_24031	1210		2024-04-07	\N
2403	1150.00	\n (11.5)=11.5\n*100=1150.0	N	1187_24030	1187		2024-04-07	\N
2403	1170.00	\n (6)=6.0\n*195=1170.0	N	1182_24030	1182		2024-04-07	\N
2403	600.00	\n (4)=4.0\n*150=600.0	N	1182_24031	1182		2024-04-07	\N
2403	480.00	\n (2)=2.0\n*240=480.0	N	1182_24032	1182		2024-04-07	\N
2403	1785.00	\n (21)=21.0\n*85=1785.0	N	1115_24030	1115		2024-04-07	\N
2403	220.00	mon	N	1110_24030	1110		2024-04-07	\N
2403	955.00	fri	N	1110_24031	1110		2024-04-07	\N
2403	1445.00	wed	N	1203_24030	1203		2024-04-07	\N
2403	310.00	fri	N	1203_24031	1203		2024-04-07	\N
2403	962.50	wed	N	1025_24030	1025		2024-04-07	\N
2403	600.00	sun	N	1025_24031	1025		2024-04-07	\N
2403	740.00		N	1120_24030	1120		2024-04-07	\N
2403	340.00		N	1086_24030	1086		2024-04-07	\N
2403	220.00		N	1122_24030	1122		2024-04-07	\N
2403	1370.00		N	1120_24031	1120		2024-04-07	\N
2403	305.00		N	1059_24030	1059		2024-04-07	\N
2403	292.50		N	1191_24030	1191		2024-04-07	\N
2403	980.00		N	1146_24030	1146		2024-04-07	\N
2403	1550.00		N	1166_24030	1166		2024-04-07	\N
2403	3540.00	sun	N	1166_24031	1166		2024-04-07	\N
2403	990.00		N	1198_24030	1198		2024-04-07	\N
2403	1928.75		N	1121_24030	1121		2024-04-07	\N
2403	2112.50		N	1175_24030	1175		2024-04-07	\N
2403	1437.50		N	1167_24030	1167		2024-04-07	\N
2403	1437.50		N	1167_24031	1167		2024-04-08	\N
2403	240.00		P	1212_24030	1212	HSBC-265332	2024-04-08	\N
2403	2298.75		P	1123_24030	1123	HSBC-265339	2024-04-13	\N
2403	3143.75		P	1015_24030	1015	HSBC-265333	2024-04-08	\N
2403	1312.50		P	1016_24030	1016	HSBC-265338	2024-04-13	\N
2403	2060.00		P	1029_24030	1029	HSBC-265335	2024-04-13	\N
2403	1077.00		P	1184_24030	1184	HSBC-265336	2024-04-13	\N
2403	2430.00		P	1172_24030	1172	HSBC-265337	2024-04-13	\N
2403	685.00		P	1156_24030	1156	HSBC-265334	2024-04-13	\N
2403	737.50		P	1192_24030	1192	HSBC-265340	2024-04-14	\N
2403	2260.00		P	1060_24030	1060	HSBC-847710	2024-04-14	\N
2404	2522.75		P	1001_24040	1001	BOC-101796	2024-05-06	2024-05-06
2404	1170.00	三	P	1025_24040	1025	BOC-101797	2024-05-07	2024-05-06
2404	735.00	日	P	1025_24041	1025	BOC-101797	2024-05-07	2024-05-06
2404	1032.50		P	1057_24040	1057	BOC-101798	2024-05-07	2024-05-06
2404	2120.00	\n (26.5)=26.5\n*80=2120.0	P	1105_24040	1105	BOC-101799	2024-05-06	2024-05-06
2404	555.00	三	P	1120_24040	1120	BOC-101800	2024-05-07	2024-05-06
2404	645.00		P	1120_24041	1120	BOC-101800	2024-05-07	2024-05-06
2404	3570.00	\n (51)=51.0\n*70=3570.0	P	1134_24040	1134	BOC-101801	2024-05-05	2024-05-06
2404	1440.00	\n (18)=18.0\n*80=1440.0	P	1137_24040	1137	BOC-101802	2024-05-06	2024-05-06
2404	2340.00		P	1141_24040	1141	BOC-101803	2024-05-06	2024-05-06
2404	1600.00	\n (20)=20.0\n*80=1600.0	P	1142_24040	1142	BOC-101804	2024-05-05	2024-05-06
2404	80.00	mar	P	1142_24041	1142	BOC-101804	2024-05-05	2024-05-06
2404	5880.00	\n (73.5)=73.5\n*80=5880.0	P	1144_24040	1144	BOC-101805	2024-05-06	2024-05-06
2404	660.00		P	1146_24040	1146	BOC-101806	2024-05-06	2024-05-06
2404	835.00		P	1146_24041	1146	BOC-101806	2024-05-06	2024-05-06
2404	3000.00	\n (30)=30.0\n*100=3000.0	P	1152_24040	1152	BOC-101807	2024-05-05	2024-05-06
2404	1020.00	\n (12)=12.0\n*85=1020.0	P	1158_24040	1158	BOC-101808	2024-05-06	2024-05-06
2404	1380.00	\n (17.25)=17.25\n*80=1380.0	P	1164_24044	1164	BOC-101809	2024-05-06	2024-05-06
2404	700.00		P	1170_24040	1170	BOC-101810	2024-05-05	2024-05-06
2404	345.00		P	1182_24040	1182	BOC-101811	2024-05-06	2024-05-06
2404	450.00		P	1187_24040	1187	BOC-101812	2024-05-06	2024-05-06
2404	4365.00	\n (48.5)=48.5\n*90=4365.0	P	1189_24040	1189	BOC-101813	2024-05-05	2024-05-06
2404	500.00		P	1193_24040	1193	BOC-101814	2024-05-06	2024-05-06
2404	2115.00	\n (23.5)=23.5\n*90=2115.0	P	1194_24040	1194	BOC-101815	2024-05-05	2024-05-06
2404	752.50		P	1194_24041	1194	BOC-101815	2024-05-06	2024-05-06
2404	3960.00		P	1199_24040	1199	BOC-101816	2024-05-06	2024-05-06
2404	1350.00	\n (15)=15.0\n*90=1350.0	P	1201_24040	1201	BOC-101817	2024-05-06	2024-05-06
2404	450.00		P	1202_24040	1202	BOC-101818	2024-05-06	2024-05-06
2404	2015.00		P	1203_24040	1203	BOC-101819	2024-05-07	2024-05-06
2404	900.00	\n (9)=9.0\n*100=900.0	P	1207_24040	1207	BOC-101820	2024-05-05	2024-05-06
2404	2202.50	六	P	1207_24041	1207	BOC-101820	2024-05-06	2024-05-06
2404	962.50	日	P	1207_24042	1207	BOC-101820	2024-05-06	2024-05-06
2404	1200.00	\n (12)=12.0\n*100=1200.0	P	1210_24040	1210	BOC-101821	2024-05-06	2024-05-06
2404	515.00	piano	P	1210_24041	1210	BOC-101821	2024-05-06	2024-05-06
2404	235.00		P	1212_24040	1212	BOC-101822	2024-05-07	2024-05-06
2404	135.00	\n (1.5)=1.5\n*90=135.0	P	1213_24040	1213	BOC-101823	2024-05-05	2024-05-06
2404	1650.00	\n (16.5)=16.5\n*100=1650.0	P	1214_24040	1214	BOC-101824	2024-05-05	2024-05-06
2404	130.00	piano	P	1215_24040	1215	BOC-101825	2024-05-06	2024-05-06
2404	270.00	\n (3)=3.0\n*90=270.0	P	1215_24041	1215	BOC-101825	2024-05-06	2024-05-06
2404	505.00	Monday	P	1216_24040	1216	HSBC-883551	2024-05-07	2024-05-06
2404	60.00	Tuesday	P	1216_24041	1216	HSBC-883551	2024-05-07	2024-05-06
2404	275.00	Thursday	P	1216_24042	1216	HSBC-883551	2024-05-07	2024-05-06
2404	185.00	Friday	P	1216_24043	1216	HSBC-883551	2024-05-07	2024-05-06
2404	1245.00	三	P	1067_24040	1067	HSBC-847715	2024-05-08	\N
2404	1212.50	一	P	1067_24041	1067	HSBC-847715	2024-05-08	\N
2404	1857.50	五	P	1067_24042	1067	HSBC-847715	2024-05-08	\N
2404	3057.50	六	P	1067_24043	1067	HSBC-847715	2024-05-08	\N
2404	845.00	日	P	1067_24044	1067	HSBC-847715	2024-05-08	\N
2404	220.00		P	1122_24040	1122	HSBC-847716	2024-05-08	\N
2404	1510.00	五	P	1015_24040	1015	HSBC-847717	2024-05-09	\N
2404	1300.00	四	P	1015_24041	1015	HSBC-847717	2024-05-09	\N
2404	1290.00	April	P	1011_24040	1011	HSBC-883552	2024-05-08	2024-05-09
2404	1550.00	mar	P	1011_24041	1011	HSBC-883552	2024-05-08	2024-05-09
2404	487.50		P	1014_24040	1014	HSBC-883553	2024-05-10	2024-05-09
2404	987.50		P	1016_24040	1016	HSBC-883554	2024-05-09	2024-05-09
2404	1365.00	六	P	1027_24040	1027	HSBC-883555	2024-05-09	2024-05-09
2404	1160.00	日	P	1027_24041	1027	HSBC-883555	2024-05-09	2024-05-09
2404	1950.00		P	1029_24040	1029	HSBC-883556	2024-05-09	2024-05-09
2404	675.00		P	1036_24040	1036	HSBC-883557	2024-05-10	2024-05-09
2404	1172.50	五	P	1047_24040	1047	HSBC-883558	2024-05-09	2024-05-09
2404	349.99	日	P	1047_24041	1047	HSBC-883558	2024-05-09	2024-05-09
2404	350.00		P	1059_24040	1059	HSBC-883559	2024-05-10	2024-05-09
2404	1181.00		P	1060_24040	1060	HSBC-883560	2024-05-10	2024-05-09
2404	352.50	五	P	1096_24040	1096	HSBC-883562	2024-05-09	2024-05-09
2404	845.00	六	P	1096_24041	1096	HSBC-883562	2024-05-09	2024-05-09
2404	1282.50	日	P	1096_24042	1096	HSBC-883562	2024-05-09	2024-05-09
2404	687.50	一	P	1096_24043	1096	HSBC-883562	2024-05-09	2024-05-09
2404	940.00	二	P	1096_24044	1096	HSBC-883562	2024-05-09	2024-05-09
2404	785.00	五	P	1110_24040	1110	HSBC-883563	2024-05-09	2024-05-09
2404	440.00	一	P	1110_24041	1110	HSBC-883563	2024-05-09	2024-05-09
2404	2362.50		P	1121_24040	1121	HSBC-883564	2024-05-09	2024-05-09
2404	350.00		P	1123_24040	1123	HSBC-883565	2024-05-10	2024-05-09
2404	1150.00		P	1156_24040	1156	HSBC-883566	2024-05-10	2024-05-09
2404	1692.50	五	P	1166_24040	1166	HSBC-883567	2024-05-09	2024-05-09
2404	2435.00	日	P	1166_24041	1166	HSBC-883567	2024-05-09	2024-05-09
2404	1692.50		P	1167_24040	1167	HSBC-883568	2024-05-10	2024-05-09
2404	1957.50		P	1172_24040	1172	HSBC-883569	2024-05-10	2024-05-09
2404	1390.00		P	1175_24040	1175	HSBC-883570	2024-05-10	2024-05-09
2404	1482.00		P	1184_24040	1184	HSBC-883571	2024-05-09	2024-05-09
2404	292.50		P	1191_24040	1191	HSBC-883572	2024-05-08	2024-05-09
2404	577.50		P	1192_24040	1192	HSBC-883573	2024-05-10	2024-05-09
2404	320.00		P	1198_24040	1198	HSBC-883574	2024-05-09	2024-05-09
2404	525.00		P	1204_24040	1204	HSBC-883575	2024-05-09	2024-05-09
2404	1320.00		P	1206_24040	1206	HSBC-883576	2024-05-10	2024-05-09
2404	2222.50		P	1093_24040	1093	HSBC-883561	2024-05-10	2024-05-09
2404	645.00		P	1123_24041	1123	HSBC-883565	2024-05-10	2024-05-09
2404	292.50		P	1191_24041	1191	HSBC-883572	2024-05-08	2024-05-09
2405	3262.50		P	1216_24050	1216	HSBC-847720	2024-06-07	\N
2405	2345.00		P	1203_24050	1203	BOC-101858	2024-06-07	\N
2405	2450.00		P	1015_24050	1015	BOC-101857	2024-06-07	\N
2405	193.75		P	1059_24050	1059	BOC-101862	2024-06-08	2024-06-07
2405	1870.00	\n (22)=22.0\n*85=1870.0	P	1115_24050	1115	BOC-101864	2024-06-08	2024-06-07
2405	5300.00	\n (53)=53.0\n*100=5300.0	P	1152_24050	1152	BOC-101867	2024-06-08	2024-06-07
2405	647.50		P	1156_24050	1156	BOC-101868	2024-06-07	2024-06-07
2405	1200.00	\n (12)=12.0\n*100=1200.0	P	1193_24050	1193	BOC-101873	2024-06-08	2024-06-07
2405	600.00	\n (6)=6.0\n*100=600.0	P	1210_24050	1210	BOC-101875	2024-06-08	2024-06-07
2405	515.00	Piano	P	1210_24051	1210	BOC-101875	2024-06-08	2024-06-07
2405	1485.00	\n (16.5)=16.5\n*90=1485.0	P	1213_24050	1213	BOC-101876	2024-06-08	2024-06-07
2405	602.50	琴	P	1225_24050	1225	BOC-101877	2024-06-08	2024-06-07
2405	300.00	\n (3)=3.0\n*100=300.0	P	1225_24051	1225	BOC-101877	2024-06-08	2024-06-07
2405	3650.00	\n (36.5)=36.5\n*100=3650.0	P	1226_24050	1226	BOC-101878	2024-06-08	2024-06-07
2405	1800.00	\n (22.5)=22.5\n*80=1800.0	P	1017_24050	1017	BOC-101825	2024-06-07	2024-06-07
2405	650.00	日	P	1025_24050	1025	BOC-101826	2024-06-07	2024-06-07
2405	1377.50	三	P	1025_24051	1025	BOC-101826	2024-06-07	2024-06-07
2405	1205.00	五	P	1047_24050	1047	BOC-101827	2024-06-07	2024-06-07
2405	1200.00	日	P	1047_24051	1047	BOC-101827	2024-06-07	2024-06-07
2405	1333.00		P	1060_24050	1060	BOC-101828	2024-06-07	2024-06-07
2405	650.00	五	P	1110_24050	1110	BOC-101829	2024-06-07	2024-06-07
2405	440.00	一	P	1110_24051	1110	BOC-101829	2024-06-07	2024-06-07
2405	1785.00	\n (25.5)=25.5\n*70=1785.0	P	1134_24050	1134	BOC-101830	2024-06-06	2024-06-07
2405	1480.00	\n (18.5)=18.5\n*80=1480.0	P	1137_24050	1137	BOC-101831	2024-06-06	2024-06-07
2405	2070.00		P	1141_24050	1141	BOC-101832	2024-06-06	2024-06-07
2405	5720.00	\n (71.5)=71.5\n*80=5720.0	P	1142_24050	1142	BOC-101833	2024-06-07	2024-06-07
2405	5720.00	\n (71.5)=71.5\n*80=5720.0	P	1144_24050	1144	BOC-101834	2024-06-06	2024-06-07
2405	1565.00		P	1146_24050	1146	BOC-101835	2024-06-07	2024-06-07
2405	1280.00	\n (16)=16.0\n*80=1280.0	P	1164_24050	1164	BOC-101836	2024-06-07	2024-06-07
2405	1650.00	五	P	1166_24050	1166	BOC-101837	2024-06-07	2024-06-07
2405	3212.50	日	P	1166_24051	1166	BOC-101837	2024-06-07	2024-06-07
2405	600.00	\n (6)=6.0\n*100=600.0	P	1187_24050	1187	BOC-101838	2024-06-06	2024-06-07
2405	5310.00	\n (59)=59.0\n*90=5310.0	P	1189_24050	1189	BOC-101839	2024-06-06	2024-06-07
2405	292.50		P	1191_24050	1191	BOC-101840	2024-06-07	2024-06-07
2405	2835.00	\n (31.5)=31.5\n*90=2835.0	P	1194_24050	1194	BOC-101841	2024-06-07	2024-06-07
2405	4620.00		P	1199_24050	1199	BOC-101842	2024-06-07	2024-06-07
2405	510.00	\n (6)=6.0\n*85=510.0	P	1200_24050	1200	BOC-101843	2024-06-07	2024-06-07
2405	1845.00	\n (20.5)=20.5\n*90=1845.0	P	1201_24050	1201	BOC-101844	2024-06-07	2024-06-07
2405	1950.00	\n (19.5)=19.5\n*100=1950.0	P	1207_24050	1207	BOC-101845	2024-06-07	2024-06-07
2405	260.00	五	P	1207_24051	1207	BOC-101845	2024-06-07	2024-06-07
2405	2843.75	六	P	1207_24052	1207	BOC-101845	2024-06-07	2024-06-07
2405	990.00	日	P	1207_24053	1207	BOC-101845	2024-06-07	2024-06-07
2405	3000.00	\n (30)=30.0\n*100=3000.0	P	1214_24050	1214	BOC-101846	2024-06-07	2024-06-07
2405	1080.00	\n (12)=12.0\n*90=1080.0	P	1215_24050	1215	BOC-101847	2024-06-06	2024-06-07
2405	352.50		P	1215_24051	1215	BOC-101847	2024-06-06	2024-06-07
2405	0.00	\n (60)=60.0\n*0=0.0	P	1217_24050	1217	BOC-101848	2024-06-06	2024-06-07
2405	60.00		P	1217_24051	1217	BOC-101848	2024-06-06	2024-06-07
2405	1500.00	\n (15)=15.0\n*100=1500.0	P	1218_24050	1218	BOC-101849	2024-06-06	2024-06-07
2405	130.00		P	1218_24051	1218	BOC-101849	2024-06-06	2024-06-07
2405	550.00	\n (5.5)=5.5\n*100=550.0	P	1219_24050	1219	BOC-101850	2024-06-06	2024-06-07
2405	1785.00	\n (21)=21.0\n*85=1785.0	P	1219_24051	1219	BOC-101850	2024-06-06	2024-06-07
2405	1350.00	\n (15)=15.0\n*90=1350.0	P	1220_24050	1220	BOC-101851	2024-06-07	2024-06-07
2405	480.00	\n (6)=6.0\n*80=480.0	P	1221_24050	1221	BOC-101852	2024-06-07	2024-06-07
2405	2035.00	\n (18.5)=18.5\n*110=2035.0	P	1222_24050	1222	BOC-101853	2024-06-07	2024-06-07
2405	920.00	\n (11.5)=11.5\n*80=920.0	P	1223_24050	1223	BOC-101854	2024-06-07	2024-06-07
2405	725.00		P	1224_24050	1224	BOC-101855	2024-06-07	2024-06-07
2405	2390.00		P	1167_24050	1167	BOC-101869	2024-06-08	2024-06-07
2405	2445.00		P	1172_24050	1172	BOC-101870	2024-06-08	2024-06-07
2405	1705.00		P	1175_24050	1175	BOC-101871	2024-06-08	2024-06-07
2405	931.00		P	1184_24050	1184	BOC-101872	2024-06-08	2024-06-07
2405	65.00		P	1198_24050	1198	BOC-101874	2024-06-08	2024-06-07
2405	967.50	日	P	1096_24050	1096	BOC-101879	2024-06-08	\N
2405	162.50	一	P	1096_24051	1096	BOC-101879	2024-06-08	\N
2405	810.00	四	P	1096_24052	1096	BOC-101879	2024-06-08	\N
2405	850.00	六	P	1096_24053	1096	BOC-101879	2024-06-08	\N
2405	1488.75		P	1011_24050	1011	BOC-101859	2024-06-08	2024-06-07
2405	705.50	六	P	1027_24050	1027	BOC-101860	2024-06-08	2024-06-07
2405	685.00	日	P	1027_24051	1027	BOC-101860	2024-06-08	2024-06-07
2405	2490.00		P	1029_24050	1029	BOC-101861	2024-06-08	2024-06-07
2405	2858.75	六	P	1067_24050	1067	BOC-101863	2024-06-08	2024-06-07
2405	907.50	日	P	1067_24051	1067	BOC-101863	2024-06-08	2024-06-07
2405	1140.00	一	P	1067_24052	1067	BOC-101863	2024-06-08	2024-06-07
2405	1097.50	三	P	1067_24053	1067	BOC-101863	2024-06-08	2024-06-07
2405	2347.50	五	P	1067_24054	1067	BOC-101863	2024-06-08	2024-06-07
2405	1150.00	六	P	1120_24050	1120	BOC-101865	2024-06-08	2024-06-07
2405	640.00	三	P	1120_24051	1120	BOC-101865	2024-06-08	2024-06-07
2405	385.00	六	P	1123_24050	1123	BOC-101866	2024-06-08	2024-06-07
2405	550.83		P	1123_24051	1123	BOC-101866	2024-06-08	2024-06-07
2405	2477.50		P	1001_24050	1001	BOC-101880	2024-06-08	2024-06-08
2405	487.50		P	1014_24050	1014	BOC-101881	2024-06-08	2024-06-08
2405	540.00		P	1036_24050	1036	BOC-101882	2024-06-08	2024-06-08
2405	1602.50		P	1093_24050	1093	BOC-101883	2024-06-08	2024-06-08
2405	1602.50		P	1093_24051	1093	BOC-101883	2024-06-08	2024-06-08
2405	960.00		P	1192_24050	1192	BOC-101884	2024-06-08	2024-06-08
2405	1032.50		P	1206_24050	1206	BOC-101885	2024-06-08	2024-06-08
2405	987.50		P	1057_24050	1057	BOC-101886	2024-06-09	\N
2405	1520.00	 (19)=19.0\r\n*80=1520.0	P	1105_24050	1105	BOC-101887	2024-06-09	\N
2406	2160.00	\n (27)=27.0\n*80=2160.0	P	1017_24060	1017	BOC-101891	2024-07-07	2024-07-06
2406	487.50		P	1025_24060	1025	BOC-101892	2024-07-07	2024-07-06
2406	712.50		P	1025_24061	1025	BOC-101892	2024-07-07	2024-07-06
2406	765.00	日	P	1027_24060	1027	BOC-101893	2024-07-07	2024-07-06
2406	1320.00	六	P	1027_24061	1027	BOC-101893	2024-07-07	2024-07-06
2406	3045.00		P	1032_24060	1032	BOC-101894	2024-07-07	2024-07-06
2406	540.00		P	1036_24060	1036	BOC-101895	2024-07-07	2024-07-06
2406	1350.00	日	P	1047_24060	1047	BOC-101896	2024-07-07	2024-07-06
2406	902.50	五	P	1047_24061	1047	BOC-101896	2024-07-07	2024-07-06
2406	1994.00	日	P	1060_24060	1060	BOC-101897	2024-07-07	2024-07-06
2406	325.00	六	P	1060_24061	1060	BOC-101897	2024-07-07	2024-07-06
2406	2232.50		P	1093_24060	1093	BOC-101898	2024-07-07	2024-07-06
2406	370.00	may	P	1096_24060	1096	BOC-101899	2024-07-07	2024-07-06
2406	555.00	一	P	1096_24061	1096	BOC-101899	2024-07-07	2024-07-06
2406	1230.00	日	P	1096_24062	1096	BOC-101899	2024-07-07	2024-07-06
2406	940.00	四	P	1096_24063	1096	BOC-101899	2024-07-07	2024-07-06
2406	470.00	五	P	1096_24064	1096	BOC-101899	2024-07-07	2024-07-06
2406	415.00		P	1123_24060	1123	BOC-101900	2024-07-07	2024-07-06
2406	385.00		P	1123_24061	1123	BOC-101900	2024-07-07	2024-07-06
2406	2640.00	\n (33)=33.0\n*80=2640.0	P	1142_24060	1142	HSBC-883577	2024-07-07	2024-07-06
2406	6260.00	\n (78.25)=78.25\n*80=6260.0	P	1144_24060	1144	HSBC-883578	2024-07-07	2024-07-06
2406	932.50		P	1192_24060	1192	HSBC-883579	2024-07-07	2024-07-06
2406	3285.00	\n (36.5)=36.5\n*90=3285.0	P	1194_24060	1194	HSBC-883580	2024-07-06	2024-07-06
2406	830.00		P	1194_24061	1194	HSBC-883580	2024-07-06	2024-07-06
2406	1740.00		P	1199_24060	1199	HSBC-883581	2024-07-07	2024-07-06
2406	1620.00	\n (18)=18.0\n*90=1620.0	P	1201_24060	1201	HSBC-883582	2024-07-07	2024-07-06
2406	1882.50		P	1206_24060	1206	HSBC-883583	2024-07-07	2024-07-06
2406	4686.25		P	1207_24060	1207	HSBC-883584	2024-07-06	2024-07-06
2406	760.00		P	1210_24060	1210	HSBC-883585	2024-07-07	2024-07-06
2406	750.00		P	1210_24061	1210	HSBC-883585	2024-07-07	2024-07-06
2406	810.00	\n (9)=9.0\n*90=810.0	P	1213_24060	1213	HSBC-883586	2024-07-07	2024-07-06
2406	810.00	\n (9)=9.0\n*90=810.0	P	1213_24061	1213	HSBC-883586	2024-07-07	2024-07-06
2406	795.00		P	1218_24060	1218	HSBC-883587	2024-07-07	2024-07-06
2406	255.00	\n (3)=3.0\n*85=255.0	P	1219_24060	1219	HSBC-883588	2024-07-07	2024-07-06
2406	400.00	\n (4)=4.0\n*100=400.0	P	1219_24061	1219	HSBC-883588	2024-07-07	2024-07-06
2406	1350.00	\n (15)=15.0\n*90=1350.0	P	1220_240610	1220	HSBC-883589	2024-07-07	2024-07-06
2406	750.00		P	1225_24060	1225	HSBC-883590	2024-07-07	2024-07-06
2406	1050.00	\n (10.5)=10.5\n*100=1050.0	P	1225_24061	1225	HSBC-883590	2024-07-07	2024-07-06
2406	180.00		P	1227_24060	1227	HSBC-883591	2024-07-07	2024-07-06
2406	90.00		P	1146_24062	1146	HSBC-883602	2024-07-07	2024-07-08
2405	440.00		P	1122_24050	1122	Hsbc-717656	2024-07-07	\N
2406	970.00		P	1057_24060	1057	HSBC-883592	2024-07-07	2024-07-08
2406	1285.00	三	P	1067_24060	1067	HSBC-883593	2024-07-07	2024-07-08
2406	1265.00	五	P	1067_24061	1067	HSBC-883593	2024-07-07	2024-07-08
2406	3135.00	六	P	1067_24062	1067	HSBC-883593	2024-07-07	2024-07-08
2406	560.00		P	1105_24060	1105	HSBC-883594	2024-07-07	2024-07-08
2406	440.00		P	1110_24060	1110	HSBC-883595	2024-07-07	2024-07-08
2406	815.00		P	1110_24061	1110	HSBC-883595	2024-07-07	2024-07-08
2406	1260.00	六	P	1120_24061	1120	HSBC-883597	2024-07-07	2024-07-08
2406	330.00		P	1122_24060	1122	HSBC-883598	2024-07-07	2024-07-08
2406	330.00	二	P	1146_24060	1146	HSBC-883602	2024-07-07	2024-07-08
2406	1640.00	五	P	1146_24061	1146	HSBC-883602	2024-07-07	2024-07-08
2406	285.00		P	1184_24060	1184	HSBC-883605	2024-07-07	2024-07-08
2406	1300.00		P	1193_24060	1193	HSBC-883608	2024-07-07	2024-07-08
2406	2198.00		P	1203_24060	1203	HSBC-883610	2024-07-07	2024-07-08
2406	1257.50		P	1229_24060	1229	HSBC-883618	2024-07-07	2024-07-08
2406	162.50		P	1014_24060	1014	Hsbc-717657	2024-07-07	2024-07-06
2406	1997.50	\n (23.5)=23.5\n*85=1997.5	P	1115_24060	1115	HSBC-883596	2024-07-08	2024-07-08
2406	554.99	三	P	1120_24060	1120	HSBC-883597	2024-07-07	2024-07-08
2406	1820.00	\n (26)=26.0\n*70=1820.0	P	1134_24060	1134	HSBC-883599	2024-07-08	2024-07-08
2406	1200.00	\n (15)=15.0\n*80=1200.0	P	1137_24060	1137	HSBC-883600	2024-07-07	2024-07-08
2406	2025.00		P	1141_24060	1141	HSBC-883601	2024-07-08	2024-07-08
2406	6250.00	\n (62.5)=62.5\n*100=6250.0	P	1152_24060	1152	HSBC-883603	2024-07-08	2024-07-08
2406	1280.00	\n (16)=16.0\n*80=1280.0	P	1164_24060	1164	HSBC-883604	2024-07-08	2024-07-08
2406	600.00	\n (6)=6.0\n*100=600.0	P	1187_24060	1187	HSBC-883606	2024-07-07	2024-07-08
2406	3915.00	\n (43.5)=43.5\n*90=3915.0	P	1189_24060	1189	HSBC-883607	2024-07-08	2024-07-08
2406	765.00	\n (9)=9.0\n*85=765.0	P	1200_24060	1200	HSBC-883609	2024-07-08	2024-07-08
2406	1950.00	\n (19.5)=19.5\n*100=1950.0	P	1214_24060	1214	HSBC-883611	2024-07-07	2024-07-08
2406	405.00	\n (4.5)=4.5\n*90=405.0	P	1215_24060	1215	HSBC-883612	2024-07-08	2024-07-08
2406	720.00	\n (9)=9.0\n*80=720.0	P	1217_24060	1217	HSBC-883613	2024-07-08	2024-07-08
2406	240.00	\n (3)=3.0\n*80=240.0	P	1221_24060	1221	HSBC-883614	2024-07-07	2024-07-08
2406	1650.00	\n (15)=15.0\n*110=1650.0	P	1222_24060	1222	HSBC-883615	2024-07-08	2024-07-08
2406	1440.00	\n (18)=18.0\n*80=1440.0	P	1223_24060	1223	HSBC-883616	2024-07-07	2024-07-08
2406	2700.00	\n (27)=27.0\n*100=2700.0	P	1226_24060	1226	HSBC-883617	2024-07-08	2024-07-08
2406	1257.50	一	P	1230_24060	1230	HSBC-883618	2024-07-08	\N
2406	4092.50		P	1216_24060	1216	HSBC-717658	2024-07-08	\N
2406	1737.50		P	1015_24060	1015	HSBC-717661	2024-07-11	\N
2406	2240.00		P	1167_24060	1167	HSBC-717662	2024-07-11	\N
2406	445.00		P	1232_24060	1232	HSBC-717663	2024-07-11	\N
2406	1363.75		P	1011_24060	1011	HSBC-883618	2024-07-11	\N
2406	2735.00		P	1029_24060	1029	HSBC-717665	2024-07-11	\N
2406	195.00		P	1191_24060	1191	HSBC-717666	2024-07-11	\N
2406	4340.00		P	1166_24060	1166	HSBC-717667	2024-07-11	\N
2406	1005.00		P	1156_24060	1156	HSBC-717668	2024-07-13	\N
2406	2650.00		P	1175_24060	1175	HSBC-717669	2024-07-13	\N
2406	2414.10		P	1233_24060	1233	HSBC-717670	2024-07-13	\N
2406	455.00		P	1224_24060	1224	HSBC-883625	2024-07-13	\N
2406	387.50		P	1059_24060	1059	HSBC-883624	2024-07-13	\N
2406	2330.00		P	1172_24060	1172	HSBC-883623	2024-07-13	\N
2406	317.50		P	1121_24060	1121	HSBC-883621	2024-07-13	\N
2406	1767.50		P	1234_24060	1234	HSBC-883620	2024-07-13	\N
2407	260.00		P	1110_24071	1110	BOC-101908	2024-08-05	2024-08-05
2407	1430.00	三	P	1067_24070	1067	BOC-101905	2024-08-05	2024-08-05
2407	3837.50		P	1001_24070	1001	BOC-101902	2024-08-05	2024-08-05
2407	2490.00		P	1015_24070	1015	BOC-101903	2024-08-05	2024-08-05
2407	425.00		P	1025_24070	1025	BOC-101904	2024-08-05	2024-08-05
2407	650.00		P	1025_24071	1025	BOC-101904	2024-08-05	2024-08-05
2407	1910.00	五	P	1067_24071	1067	BOC-101905	2024-08-05	2024-08-05
2407	2577.50	六	P	1067_24072	1067	BOC-101905	2024-08-05	2024-08-05
2407	5545.00	一	P	1096_24070	1096	BOC-101906	2024-08-05	2024-08-05
2407	640.00	\n (8)=8.0\n*80=640.0	P	1105_24070	1105	BOC-101907	2024-08-04	2024-08-05
2407	407.50		P	1110_24070	1110	BOC-101908	2024-08-05	2024-08-05
2407	225.00		P	1115_24070	1115	BOC-101909	2024-08-05	2024-08-05
2407	767.50		P	1120_24070	1120	BOC-101910	2024-08-05	2024-08-05
2407	1055.00		P	1120_24071	1120	BOC-101910	2024-08-05	2024-08-05
2407	330.00		P	1122_24070	1122	BOC-101911	2024-08-05	2024-08-05
2407	200.00	\n (2.5)=2.5\n*80=200.0	P	1137_24070	1137	BOC-101912	2024-08-04	2024-08-05
2407	1800.00	\n (22.5)=22.5\n*80=1800.0	P	1142_24070	1142	BOC-101913	2024-08-04	2024-08-05
2407	40.00		P	1142_24071	1142	BOC-101913	2024-08-04	2024-08-05
2407	4120.00	\n (51.5)=51.5\n*80=4120.0	P	1144_24070	1144	BOC-101914	2024-08-04	2024-08-05
2407	2090.00		P	1146_24070	1146	BOC-101915	2024-08-05	2024-08-05
2407	1550.00	\n (15.5)=15.5\n*100=1550.0	P	1152_24070	1152	BOC-101916	2024-08-04	2024-08-05
2407	1200.00	\n (15)=15.0\n*80=1200.0	P	1164_24070	1164	BOC-101917	2024-08-04	2024-08-05
2407	540.00	\n (6)=6.0\n*90=540.0	P	1180_24070	1180	BOC-101918	2024-08-04	2024-08-05
2407	2025.00	\n (22.5)=22.5\n*90=2025.0	P	1189_24070	1189	BOC-101919	2024-08-04	2024-08-05
2407	390.00		P	1191_24070	1191	BOC-101920	2024-08-05	2024-08-05
2407	100.00		P	1193_24070	1193	BOC-101921	2024-08-04	2024-08-05
2407	2025.00	\n (22.5)=22.5\n*90=2025.0	P	1194_24070	1194	BOC-101922	2024-08-04	2024-08-05
2407	4170.00		P	1199_24070	1199	BOC-101923	2024-08-04	2024-08-05
2407	170.00	\n (2)=2.0\n*85=170.0	P	1200_24070	1200	BOC-101924	2024-08-04	2024-08-05
2407	1080.00	\n (12)=12.0\n*90=1080.0	P	1201_24070	1201	BOC-101925	2024-08-04	2024-08-05
2407	2200.00		P	1203_24070	1203	BOC-101926	2024-08-05	2024-08-05
2407	540.00	\n (6)=6.0\n*90=540.0	P	1213_24070	1213	BOC-101928	2024-08-04	2024-08-05
2407	4357.50		P	1216_24070	1216	BOC-101929	2024-08-05	2024-08-05
2407	840.00	\n (10.5)=10.5\n*80=840.0	P	1217_24070	1217	BOC-101930	2024-08-04	2024-08-05
2407	382.50	\n (4.5)=4.5\n*85=382.5	P	1219_24070	1219	BOC-101931	2024-08-04	2024-08-05
2407	2295.00	\n (25.5)=25.5\n*90=2295.0	P	1220_24070	1220	BOC-101932	2024-08-04	2024-08-05
2407	660.00	\n (6)=6.0\n*110=660.0	P	1222_24070	1222	BOC-101933	2024-08-04	2024-08-05
2407	1050.00	\n (10.5)=10.5\n*100=1050.0	P	1226_24070	1226	BOC-101934	2024-08-04	2024-08-05
2407	1530.00	\n (17)=17.0\n*90=1530.0	P	1227_24070	1227	BOC-101935	2024-08-04	2024-08-05
2407	602.50		P	1230_24070	1230	BOC-101936	2024-08-05	2024-08-05
2407	135.00		P	1236_24070	1236	BOC-101937	2024-08-05	2024-08-05
2407	3325.00	 (13.5)=13.5\r\n*100=1350.0	P	1207_24070	1207	BOC-101927	2024-08-04	2024-08-05
2407	2837.50	日	P	1166_24071	1166	BOC-101938	2024-08-09	\N
2407	1065.00		P	1224_24070	1224	BOC-101939	2024-08-08	\N
2407	1192.50	日	P	1166_24070	1166	BOC-101938	2024-08-08	\N
2407	1047.00		P	1047_24070	1047	BOC-101940	2024-08-09	\N
2407	1439.99		P	1047_24071	1047	BOC-101940	2024-08-09	\N
2407	1230.00		P	1232_24070	1232	BOC-101941	2024-08-08	\N
2407	65.00		P	1198_24070	1198	BOC-101942	2024-08-09	\N
2407	130.00		P	1060_24070	1060	BOC-101943	2024-08-09	\N
2407	1713.00		P	1060_24071	1060	BOC-101943	2024-08-09	\N
2407	2737.50		N	1121_24070	1121		2024-08-09	\N
2407	460.00		N	1027_24070	1027		2024-08-09	\N
2407	645.00		N	1027_24071	1027		2024-08-09	\N
2407	1247.50		N	1011_24070	1011		2024-08-09	\N
2407	1705.00		N	1029_24070	1029		2024-08-09	\N
2407	570.00		N	1184_24070	1184		2024-08-09	\N
2407	1227.50		N	1233_24070	1233		2024-08-09	\N
2407	1175.00		N	1175_24070	1175		2024-08-09	\N
2407	1495.00		N	1167_24070	1167		2024-08-09	\N
2407	2842.50		N	1172_24070	1172		2024-08-09	\N
2407	710.00		N	1156_24070	1156		2024-08-09	\N
2407	840.00		N	1123_24070	1123		2024-08-09	\N
2407	895.00		N	1123_24071	1123		2024-08-09	\N
2407	232.50		N	1059_24070	1059		2024-08-09	\N
\.


--
-- Data for Name: auth_group; Type: TABLE DATA; Schema: public; Owner: puserostgres
--

COPY public.auth_group (id, name) FROM stdin;
\.


--
-- Data for Name: auth_group_permissions; Type: TABLE DATA; Schema: public; Owner: puserostgres
--

COPY public.auth_group_permissions (id, group_id, permission_id) FROM stdin;
\.


--
-- Data for Name: auth_permission; Type: TABLE DATA; Schema: public; Owner: puserostgres
--

COPY public.auth_permission (id, name, content_type_id, codename) FROM stdin;
1	Can add log entry	1	add_logentry
2	Can change log entry	1	change_logentry
3	Can delete log entry	1	delete_logentry
4	Can view log entry	1	view_logentry
5	Can add permission	2	add_permission
6	Can change permission	2	change_permission
7	Can delete permission	2	delete_permission
8	Can view permission	2	view_permission
9	Can add group	3	add_group
10	Can change group	3	change_group
11	Can delete group	3	delete_group
12	Can view group	3	view_group
13	Can add user	4	add_user
14	Can change user	4	change_user
15	Can delete user	4	delete_user
16	Can view user	4	view_user
17	Can add content type	5	add_contenttype
18	Can change content type	5	change_contenttype
19	Can delete content type	5	delete_contenttype
20	Can view content type	5	view_contenttype
21	Can add session	6	add_session
22	Can change session	6	change_session
23	Can delete session	6	delete_session
24	Can view session	6	view_session
25	Can add class	7	add_class
26	Can change class	7	change_class
27	Can delete class	7	delete_class
28	Can view class	7	view_class
29	Can add employee	8	add_employee
30	Can change employee	8	change_employee
31	Can delete employee	8	delete_employee
32	Can view employee	8	view_employee
33	Can add salary	9	add_salary
34	Can change salary	9	change_salary
35	Can delete salary	9	delete_salary
36	Can view salary	9	view_salary
\.


--
-- Data for Name: auth_user; Type: TABLE DATA; Schema: public; Owner: puserostgres
--

COPY public.auth_user (id, password, last_login, is_superuser, username, first_name, last_name, email, is_staff, is_active, date_joined) FROM stdin;
3	pbkdf2_sha256$600000$OGe3rGXwNJTPuRBaRlyBJD$xa+xy2vu8blIv65gJK+WWKis5bEvr2qMJfb8x32hNBc=	\N	f	keion				f	t	2023-05-12 13:23:30.259+00
4	pbkdf2_sha256$600000$vnhCGGzuG03dlvMIdaRmno$RYkkDVrrUVs07qGVzqEBBhSjF7sX1L3B+d9GX4Cz8NY=	\N	f	hotin				f	t	2023-05-12 13:23:41.782+00
2	pbkdf2_sha256$600000$ZCMSrYq7BZjy7Q1IhqvKH5$WLvCHzGvVeehyOaUxa9KKDbc4Cvg9ADPWI8tBV3HE1k=	2023-05-20 15:08:33.625424+00	f	amy				f	t	2023-05-12 13:22:44.849+00
1	pbkdf2_sha256$600000$cKaFGl8T4emKPXGLQpGZmM$eXTICQjjNmcHgSIxMDaSgia94veRL8D3rY/moHa1N+o=	2024-08-07 05:43:04.052282+00	t	sunny				t	t	2023-05-11 09:02:29.348+00
\.


--
-- Data for Name: auth_user_groups; Type: TABLE DATA; Schema: public; Owner: puserostgres
--

COPY public.auth_user_groups (id, user_id, group_id) FROM stdin;
\.


--
-- Data for Name: auth_user_user_permissions; Type: TABLE DATA; Schema: public; Owner: puserostgres
--

COPY public.auth_user_user_permissions (id, user_id, permission_id) FROM stdin;
\.


--
-- Data for Name: django_admin_log; Type: TABLE DATA; Schema: public; Owner: puserostgres
--

COPY public.django_admin_log (id, action_time, object_id, object_repr, action_flag, change_message, content_type_id, user_id) FROM stdin;
1	2023-05-12 13:22:44.934+00	2	amy	1	[{"added": {}}]	4	1
2	2023-05-12 13:23:30.346+00	3	keion	1	[{"added": {}}]	4	1
3	2023-05-12 13:23:41.867+00	4	hotin	1	[{"added": {}}]	4	1
4	2023-06-06 14:18:17.754944+00	1148	enid 1105\\	3		8	1
37	2023-06-06 15:34:45.63544+00	1157	黃梓杰	3		8	1
38	2023-06-06 15:46:48.910016+00	1157	1207\\	3		8	1
39	2023-06-25 15:41:12.394673+00	1158	eh	3		8	1
40	2023-06-25 15:44:27.460665+00	1158	芷怡	3		8	1
41	2023-06-25 15:57:13.840795+00	1160	張尤煇	3		8	1
42	2023-06-25 15:59:57.311265+00	1161	黃1130	3		8	1
43	2023-06-25 16:05:12.877796+00	1162	黎止桐	3		8	1
44	2023-07-06 16:30:50.73639+00	1164	鍾紫瑤1	3		8	1
45	2023-07-06 17:26:09.697065+00	1170	1177.5	3		8	1
46	2023-08-06 09:34:29.811751+00	1170	陳鿋	3		8	1
47	2023-10-06 20:07:06.28318+00	1181	莊煌楠	2	[{"changed": {"fields": ["Chi name"]}}]	8	1
48	2023-10-07 01:48:07.88765+00	1183	鄒	3		8	1
49	2023-10-07 01:51:41.649803+00	1181	莊煒楠	2	[{"changed": {"fields": ["Chi name"]}}]	8	1
50	2023-12-07 05:31:45.900344+00	1195	湯	3		8	1
51	2023-12-07 05:31:55.29413+00	1190	1599.99	3		8	1
52	2024-01-08 04:16:53.484859+00	1195	陳	3		8	1
53	2024-01-08 04:17:00.024211+00	1196	黃芷	3		8	1
54	2024-08-05 15:30:51.990256+00	1235	1 115	3		8	1
\.


--
-- Data for Name: django_content_type; Type: TABLE DATA; Schema: public; Owner: puserostgres
--

COPY public.django_content_type (id, app_label, model) FROM stdin;
1	admin	logentry
2	auth	permission
3	auth	group
4	auth	user
5	contenttypes	contenttype
6	sessions	session
7	SalaryInput	class
8	SalaryInput	employee
9	SalaryInput	salary
\.


--
-- Data for Name: django_migrations; Type: TABLE DATA; Schema: public; Owner: puserostgres
--

COPY public.django_migrations (id, app, name, applied) FROM stdin;
1	SalaryInput	0001_initial	2023-05-12 17:23:09.483577+00
2	SalaryInput	0002_alter_salary_month	2023-05-12 17:23:09.490335+00
3	SalaryInput	0003_alter_salary_options	2023-05-12 17:23:09.495576+00
4	SalaryInput	0004_class_alter_employee_options_rename_pid_salary_pid	2023-05-12 17:23:09.507195+00
5	SalaryInput	0005_employee_classes	2023-05-12 17:23:09.52768+00
6	SalaryInput	0006_alter_class_options_class_grade	2023-05-12 17:23:09.538556+00
7	SalaryInput	0007_alter_class_duration	2023-05-12 17:23:09.549922+00
8	SalaryInput	0008_alter_class_options_and_more	2023-05-12 17:23:09.559823+00
9	SalaryInput	0009_alter_class_options_rename_grade_class_level_and_more	2023-05-12 17:23:09.572227+00
10	SalaryInput	0010_alter_class_options	2023-05-12 17:23:09.578307+00
11	SalaryInput	0011_alter_class_options	2023-05-12 17:23:09.58563+00
12	SalaryInput	0012_alter_salary_pid	2023-05-12 17:23:09.595315+00
13	SalaryInput	0013_alter_employee_classes	2023-05-12 17:23:09.602883+00
14	SalaryInput	0014_salary_cheque_id_salary_created_time_and_more	2023-05-12 17:23:09.618626+00
15	SalaryInput	0015_rename_cheque_id_salary_cheque_number_and_more	2023-05-12 17:23:09.644172+00
16	contenttypes	0001_initial	2023-05-12 17:23:09.656955+00
17	auth	0001_initial	2023-05-12 17:23:09.714422+00
18	admin	0001_initial	2023-05-12 17:23:09.734287+00
19	admin	0002_logentry_remove_auto_add	2023-05-12 17:23:09.743552+00
20	admin	0003_logentry_add_action_flag_choices	2023-05-12 17:23:09.754663+00
21	contenttypes	0002_remove_content_type_name	2023-05-12 17:23:09.77829+00
22	auth	0002_alter_permission_name_max_length	2023-05-12 17:23:09.799074+00
23	auth	0003_alter_user_email_max_length	2023-05-12 17:23:09.816353+00
24	auth	0004_alter_user_username_opts	2023-05-12 17:23:09.833218+00
25	auth	0005_alter_user_last_login_null	2023-05-12 17:23:09.844112+00
26	auth	0006_require_contenttypes_0002	2023-05-12 17:23:09.847821+00
27	auth	0007_alter_validators_add_error_messages	2023-05-12 17:23:09.857516+00
28	auth	0008_alter_user_username_max_length	2023-05-12 17:23:09.874406+00
29	auth	0009_alter_user_last_name_max_length	2023-05-12 17:23:09.894479+00
30	auth	0010_alter_group_name_max_length	2023-05-12 17:23:09.913896+00
31	auth	0011_update_proxy_permissions	2023-05-12 17:23:09.928547+00
32	auth	0012_alter_user_first_name_max_length	2023-05-12 17:23:09.942406+00
33	sessions	0001_initial	2023-05-12 17:23:09.956376+00
34	SalaryInput	0016_alter_salary_cheque_number	2023-06-06 13:24:22.965493+00
\.


--
-- Data for Name: django_session; Type: TABLE DATA; Schema: public; Owner: puserostgres
--

COPY public.django_session (session_key, session_data, expire_date) FROM stdin;
6k99wnz5xqibsnke7sd1hren79thulg0	.eJxVjEEOwiAQRe_C2hDo0AIu3XsGMjNMpWpoUtqV8e7apAvd_vfef6mE21rS1mRJU1ZnZdXpdyPkh9Qd5DvW26x5rusykd4VfdCmr3OW5-Vw_w4KtvKtA0TnA_e-7zjEkIE9AbEbLLFEBuqEyIDxbEAQh9GMGLNAiETOIqj3B-FGOF8:1pxQSu:6l7-U2p2VM3em8XS1t7utXsT6mobGQEWmnrO_XxKlGE	2023-05-26 10:57:36.293+00
c514b240exarzp7cl0scpu48ucv0znbe	.eJxVjEEOwiAQRe_C2hDo0AIu3XsGMjNMpWpoUtqV8e7apAvd_vfef6mE21rS1mRJU1ZnZdXpdyPkh9Qd5DvW26x5rusykd4VfdCmr3OW5-Vw_w4KtvKtA0TnA_e-7zjEkIE9AbEbLLFEBuqEyIDxbEAQh9GMGLNAiETOIqj3B-FGOF8:1pxSik:TA6LZSGswDO2RYzFTA8s-6gyTCCr5LzxIeCjABNlMz4	2023-05-26 13:22:06.44+00
masfbygfie48aoe8dvy6n0ypzwkkonfw	e30:1pxSe3:RBCDkQaqJXa_cGxwTDsBm1VMJFAwJTrFPcrJKoambXw	2023-05-26 13:17:15.57+00
kd7xijyc2lafjrktdoxmyx94nywv8ejc	.eJxVjEEOwiAQRe_C2hCGgoBL956BzDBUqgaS0q6Md7dNutDte-__t4i4LiWuPc9xYnERIE6_jDA9c90FP7Dem0ytLvNEck_kYbu8Nc6v69H-HRTsZVs7oGzBp8SjBgWMFgdGpdhs1GiPNKpgMxkDqPUAIYEJ-QyOnPOGlPh8AeDnN1A:1pxYx8:FSP1LbmQ6bCDzPACvQ_VInq2sSGcGj0fyKms_yncEhM	2023-05-26 20:01:22.158718+00
09dlko16505766jt7hif9t2j7n0ani60	.eJxVjEEOwiAQRe_C2hCGgoBL956BzDBUqgaS0q6Md7dNutDte-__t4i4LiWuPc9xYnERIE6_jDA9c90FP7Dem0ytLvNEck_kYbu8Nc6v69H-HRTsZVs7oGzBp8SjBgWMFgdGpdhs1GiPNKpgMxkDqPUAIYEJ-QyOnPOGlPh8AeDnN1A:1pxiXw:4loU8fkv5qDW24scvESxOHe-6mZlT7XizEKEbaz75Fk	2023-05-27 06:16:00.84793+00
835dkzb70hbh4wnps0xouw2g7b9ca3vg	.eJxVjEEOwiAQRe_C2hCGgoBL956BzDBUqgaS0q6Md7dNutDte-__t4i4LiWuPc9xYnERIE6_jDA9c90FP7Dem0ytLvNEck_kYbu8Nc6v69H-HRTsZVs7oGzBp8SjBgWMFgdGpdhs1GiPNKpgMxkDqPUAIYEJ-QyOnPOGlPh8AeDnN1A:1pxoD6:brmA1PlO54fT14C-v8eTRGnUdp4Pg8g5zmjXtHaBORQ	2023-05-27 12:18:52.074648+00
mkqtvbbe5m8vseh0fze6ccpa0n06x7w5	.eJxVjDsOwjAQBe_iGll2vMaGkp4zRPszDqBEipMKcXeIlALaNzPvZXpcl9qvTed-EHM2nTn8boT80HEDcsfxNlmexmUeyG6K3Wmz10n0edndv4OKrX5rjBkIwpHRiXgBYYXIPigl7Vw8QcpIzBxSzEmVAhUXIWevUEALmvcH_RY4wA:1q0OC9:DFTGs7fpHwRePYZSPqleqihmxZh9oH-NkQOL8qzon10	2023-06-03 15:08:33.627944+00
8uglwuqqjgh392ebef8n1dba6a2kfqhz	.eJxVjEEOwiAQRe_C2hCGgoBL956BzDBUqgaS0q6Md7dNutDte-__t4i4LiWuPc9xYnERIE6_jDA9c90FP7Dem0ytLvNEck_kYbu8Nc6v69H-HRTsZVs7oGzBp8SjBgWMFgdGpdhs1GiPNKpgMxkDqPUAIYEJ-QyOnPOGlPh8AeDnN1A:1q4xrH:lozwpGywRvbDYVAIHVdxBzcwu55eO8IiLd2uahSDRGQ	2023-06-16 06:01:55.741761+00
3ku7tg2g696i83a3yd27czgyqqt3mkfc	.eJxVjEEOwiAQRe_C2hCGgoBL956BzDBUqgaS0q6Md7dNutDte-__t4i4LiWuPc9xYnERIE6_jDA9c90FP7Dem0ytLvNEck_kYbu8Nc6v69H-HRTsZVs7oGzBp8SjBgWMFgdGpdhs1GiPNKpgMxkDqPUAIYEJ-QyOnPOGlPh8AeDnN1A:1q4xrI:rJvK5qY2hSayRT1F32ZEiVxgUD9ab2W85IECSlzytkw	2023-06-16 06:01:56.15745+00
52nwbrib76t1jy1whuwdd0b7nzvna1ou	.eJxVjEEOwiAQRe_C2hCGgoBL956BzDBUqgaS0q6Md7dNutDte-__t4i4LiWuPc9xYnERIE6_jDA9c90FP7Dem0ytLvNEck_kYbu8Nc6v69H-HRTsZVs7oGzBp8SjBgWMFgdGpdhs1GiPNKpgMxkDqPUAIYEJ-QyOnPOGlPh8AeDnN1A:1q6WTe:rBcrD4iQF2IVT4EFEvuxS-_Y8XMjMUrLVP8Vza7PtPc	2023-06-20 13:11:58.03683+00
iuznfm63p8e95mtn38p4hvngw6xe8y3h	.eJxVjEEOwiAQRe_C2hCGgoBL956BzDBUqgaS0q6Md7dNutDte-__t4i4LiWuPc9xYnERIE6_jDA9c90FP7Dem0ytLvNEck_kYbu8Nc6v69H-HRTsZVs7oGzBp8SjBgWMFgdGpdhs1GiPNKpgMxkDqPUAIYEJ-QyOnPOGlPh8AeDnN1A:1qCZ0T:QonpiOiRTS_1jPWltJ-l-hBGToHYBvrHeIZek9SfNvY	2023-07-07 05:06:49.330114+00
zvfz77isca81uo69u57mh4dbayzbj2ty	.eJxVjEEOwiAQRe_C2hCGgoBL956BzDBUqgaS0q6Md7dNutDte-__t4i4LiWuPc9xYnERIE6_jDA9c90FP7Dem0ytLvNEck_kYbu8Nc6v69H-HRTsZVs7oGzBp8SjBgWMFgdGpdhs1GiPNKpgMxkDqPUAIYEJ-QyOnPOGlPh8AeDnN1A:1qD5w6:mMcD4owbTvhHFgrpn7VBUb66U8jyDXmQM1Hgs9iI29o	2023-07-08 16:16:30.414294+00
yrkh5s63o8hxuxm893654zcd35swawho	.eJxVjEEOwiAQRe_C2hCGgoBL956BzDBUqgaS0q6Md7dNutDte-__t4i4LiWuPc9xYnERIE6_jDA9c90FP7Dem0ytLvNEck_kYbu8Nc6v69H-HRTsZVs7oGzBp8SjBgWMFgdGpdhs1GiPNKpgMxkDqPUAIYEJ-QyOnPOGlPh8AeDnN1A:1qFJov:dN90Y0tN2c80DM_frSPccuzGY9gXnA_BwAEu7mvBl4A	2023-07-14 19:30:17.882804+00
c2rg2jduoc3ho7hh7u8yxn9cf6yhxd1q	.eJxVjEEOwiAQRe_C2hCGgoBL956BzDBUqgaS0q6Md7dNutDte-__t4i4LiWuPc9xYnERIE6_jDA9c90FP7Dem0ytLvNEck_kYbu8Nc6v69H-HRTsZVs7oGzBp8SjBgWMFgdGpdhs1GiPNKpgMxkDqPUAIYEJ-QyOnPOGlPh8AeDnN1A:1qFx6m:maUuuAXDcT_vawwog8KE6D_px-pB4y2Qu6e4vP1f_V0	2023-07-16 13:27:20.314371+00
trr26nindfkwhr2taz77rbrx1xoicd1y	.eJxVjEEOwiAQRe_C2hCGgoBL956BzDBUqgaS0q6Md7dNutDte-__t4i4LiWuPc9xYnERIE6_jDA9c90FP7Dem0ytLvNEck_kYbu8Nc6v69H-HRTsZVs7oGzBp8SjBgWMFgdGpdhs1GiPNKpgMxkDqPUAIYEJ-QyOnPOGlPh8AeDnN1A:1qHU4F:xhILNivStBFG2LV9CtM_a0lO4qjR5cukfuFuzSd-k34	2023-07-20 18:51:03.614338+00
iw9vvositopsq76rrs708k2qnrpfycje	.eJxVjEEOwiAQRe_C2hCGgoBL956BzDBUqgaS0q6Md7dNutDte-__t4i4LiWuPc9xYnERIE6_jDA9c90FP7Dem0ytLvNEck_kYbu8Nc6v69H-HRTsZVs7oGzBp8SjBgWMFgdGpdhs1GiPNKpgMxkDqPUAIYEJ-QyOnPOGlPh8AeDnN1A:1qHdwZ:ZlplFSIAf_taMXyN4ufp0V1cNmCaXbSQcXDVWU-IUSI	2023-07-21 05:23:47.866234+00
evlmdn53tt6yjvbvdqrbcrrw4yplk2ft	.eJxVjEEOwiAQRe_C2hCGgoBL956BzDBUqgaS0q6Md7dNutDte-__t4i4LiWuPc9xYnERIE6_jDA9c90FP7Dem0ytLvNEck_kYbu8Nc6v69H-HRTsZVs7oGzBp8SjBgWMFgdGpdhs1GiPNKpgMxkDqPUAIYEJ-QyOnPOGlPh8AeDnN1A:1qHflM:HObMTxeXiIWTTBmMGpu0DwYvt04EWf4ODRCO2ZQRTeU	2023-07-21 07:20:20.043106+00
psjn8mnms82x9cq5fik7b8cinls2wmg5	.eJxVjEEOwiAQRe_C2hCGgoBL956BzDBUqgaS0q6Md7dNutDte-__t4i4LiWuPc9xYnERIE6_jDA9c90FP7Dem0ytLvNEck_kYbu8Nc6v69H-HRTsZVs7oGzBp8SjBgWMFgdGpdhs1GiPNKpgMxkDqPUAIYEJ-QyOnPOGlPh8AeDnN1A:1qIU0o:338Vf9-azZ9vlnBNOKqeEgSJ-HUn8vWKl2ZZLvprllU	2023-07-23 12:59:38.629187+00
o52p850062fz44w8ighumf27amqin6a2	.eJxVjEEOwiAQRe_C2hCGgoBL956BzDBUqgaS0q6Md7dNutDte-__t4i4LiWuPc9xYnERIE6_jDA9c90FP7Dem0ytLvNEck_kYbu8Nc6v69H-HRTsZVs7oGzBp8SjBgWMFgdGpdhs1GiPNKpgMxkDqPUAIYEJ-QyOnPOGlPh8AeDnN1A:1qSZwy:mer0G_Ys_lfi8aFSRVNaJJd8TtUH8HJP8MRTLbo6qh4	2023-08-20 09:21:24.982508+00
0fj0skowymojliwwplq3egaint8uhl1f	.eJxVjEEOwiAQRe_C2hCGgoBL956BzDBUqgaS0q6Md7dNutDte-__t4i4LiWuPc9xYnERIE6_jDA9c90FP7Dem0ytLvNEck_kYbu8Nc6v69H-HRTsZVs7oGzBp8SjBgWMFgdGpdhs1GiPNKpgMxkDqPUAIYEJ-QyOnPOGlPh8AeDnN1A:1qSgCb:pWYGT3bnMudUc65Kp1GxqmY5thT032xXdnOYmUmbNlQ	2023-08-20 16:01:57.213716+00
mo5mbd2ckuvgl1925gslozgda97weehm	.eJxVjEEOwiAQRe_C2hCGgoBL956BzDBUqgaS0q6Md7dNutDte-__t4i4LiWuPc9xYnERIE6_jDA9c90FP7Dem0ytLvNEck_kYbu8Nc6v69H-HRTsZVs7oGzBp8SjBgWMFgdGpdhs1GiPNKpgMxkDqPUAIYEJ-QyOnPOGlPh8AeDnN1A:1qT3oI:HKUdDm0GaaRASOFDucss8H450v15fU6IhFYTmyy-wZ4	2023-08-21 17:14:26.321646+00
tgrwhvh7nfabsd5qzjkcgvk9lv2ntoty	.eJxVjEEOwiAQRe_C2hCGgoBL956BzDBUqgaS0q6Md7dNutDte-__t4i4LiWuPc9xYnERIE6_jDA9c90FP7Dem0ytLvNEck_kYbu8Nc6v69H-HRTsZVs7oGzBp8SjBgWMFgdGpdhs1GiPNKpgMxkDqPUAIYEJ-QyOnPOGlPh8AeDnN1A:1qVtAT:gbSjPR8a8353G41WWqkrTJqs2rT-Pl4fwT8swMqC7MM	2023-08-29 12:29:01.094049+00
1912s7bz28lb81gxi4bitf4xqe17fv70	.eJxVjEEOwiAQRe_C2hCGgoBL956BzDBUqgaS0q6Md7dNutDte-__t4i4LiWuPc9xYnERIE6_jDA9c90FP7Dem0ytLvNEck_kYbu8Nc6v69H-HRTsZVs7oGzBp8SjBgWMFgdGpdhs1GiPNKpgMxkDqPUAIYEJ-QyOnPOGlPh8AeDnN1A:1qVuNA:dS3xOu84IFu5tV-h4FRXZ8jtAT8PTHUexY2PAG2b3M0	2023-08-29 13:46:12.428826+00
mv8az37xj7pqxi9rm8lndkqvtwhk7zc1	.eJxVjEEOwiAQRe_C2hCGgoBL956BzDBUqgaS0q6Md7dNutDte-__t4i4LiWuPc9xYnERIE6_jDA9c90FP7Dem0ytLvNEck_kYbu8Nc6v69H-HRTsZVs7oGzBp8SjBgWMFgdGpdhs1GiPNKpgMxkDqPUAIYEJ-QyOnPOGlPh8AeDnN1A:1qVuff:SKPKTKQqELqRYhE1sqqSlF6VNwRSTp9PLgutErfSbOM	2023-08-29 14:05:19.469734+00
ph9dxkampjdl6m02v72rwsfws8uvap8n	.eJxVjEEOwiAQRe_C2hCGgoBL956BzDBUqgaS0q6Md7dNutDte-__t4i4LiWuPc9xYnERIE6_jDA9c90FP7Dem0ytLvNEck_kYbu8Nc6v69H-HRTsZVs7oGzBp8SjBgWMFgdGpdhs1GiPNKpgMxkDqPUAIYEJ-QyOnPOGlPh8AeDnN1A:1qVuff:SKPKTKQqELqRYhE1sqqSlF6VNwRSTp9PLgutErfSbOM	2023-08-29 14:05:19.90245+00
lujv0779356lnhx70ffwc4btctmf386e	.eJxVjEEOwiAQRe_C2hCGgoBL956BzDBUqgaS0q6Md7dNutDte-__t4i4LiWuPc9xYnERIE6_jDA9c90FP7Dem0ytLvNEck_kYbu8Nc6v69H-HRTsZVs7oGzBp8SjBgWMFgdGpdhs1GiPNKpgMxkDqPUAIYEJ-QyOnPOGlPh8AeDnN1A:1qWFnJ:0Tv9tVbULru5Dwb39vA8ldk_DM6a44diJEwd-k9qthI	2023-08-30 12:38:37.445536+00
d39mkmng4v7wbs421fnyn5vphbcnnaf5	.eJxVjEEOwiAQRe_C2hCGgoBL956BzDBUqgaS0q6Md7dNutDte-__t4i4LiWuPc9xYnERIE6_jDA9c90FP7Dem0ytLvNEck_kYbu8Nc6v69H-HRTsZVs7oGzBp8SjBgWMFgdGpdhs1GiPNKpgMxkDqPUAIYEJ-QyOnPOGlPh8AeDnN1A:1qWH6V:xV28onzGCzgMj9EAXSD34K8whfXe__x5uqQ7tp698q4	2023-08-30 14:02:31.087283+00
at414bqvg18qvq6rqpui30z1k88u1x71	.eJxVjEEOwiAQRe_C2hCGgoBL956BzDBUqgaS0q6Md7dNutDte-__t4i4LiWuPc9xYnERIE6_jDA9c90FP7Dem0ytLvNEck_kYbu8Nc6v69H-HRTsZVs7oGzBp8SjBgWMFgdGpdhs1GiPNKpgMxkDqPUAIYEJ-QyOnPOGlPh8AeDnN1A:1qbyhA:a7zUk-IAWI3g614Z7Cf0DhXNE-ZhcuE_R2K6VLnIpaE	2023-09-15 07:35:56.692753+00
3mkclypigoa85xhs2vawesb1oqtho3bj	.eJxVjEEOwiAQRe_C2hCGgoBL956BzDBUqgaS0q6Md7dNutDte-__t4i4LiWuPc9xYnERIE6_jDA9c90FP7Dem0ytLvNEck_kYbu8Nc6v69H-HRTsZVs7oGzBp8SjBgWMFgdGpdhs1GiPNKpgMxkDqPUAIYEJ-QyOnPOGlPh8AeDnN1A:1qbzCG:ZlSs7i_m855SvssEFLQ7HAzwYThpn5qmPCpWfgwnKIs	2023-09-15 08:08:04.601098+00
3z0amm2qq17b4ybmpmlwix0hl0cxwe3y	.eJxVjEEOwiAQRe_C2hCGgoBL956BzDBUqgaS0q6Md7dNutDte-__t4i4LiWuPc9xYnERIE6_jDA9c90FP7Dem0ytLvNEck_kYbu8Nc6v69H-HRTsZVs7oGzBp8SjBgWMFgdGpdhs1GiPNKpgMxkDqPUAIYEJ-QyOnPOGlPh8AeDnN1A:1qc2ZV:agYo-DuDqKnj0DuHHScnoufcOBnStukFbq9AcBrglrc	2023-09-15 11:44:17.019267+00
l3dnde6wpbp59qxavzjgriqn7lk2y2nr	.eJxVjEEOwiAQRe_C2hCGgoBL956BzDBUqgaS0q6Md7dNutDte-__t4i4LiWuPc9xYnERIE6_jDA9c90FP7Dem0ytLvNEck_kYbu8Nc6v69H-HRTsZVs7oGzBp8SjBgWMFgdGpdhs1GiPNKpgMxkDqPUAIYEJ-QyOnPOGlPh8AeDnN1A:1qco06:abOyIRqhZhHvEADUr1JGcM8DaADp4WeUcch9tC_idJc	2023-09-17 14:22:54.107709+00
4tct523caso3fufrkxzqhoz2q3j0eve7	.eJxVjEEOwiAQRe_C2hCGgoBL956BzDBUqgaS0q6Md7dNutDte-__t4i4LiWuPc9xYnERIE6_jDA9c90FP7Dem0ytLvNEck_kYbu8Nc6v69H-HRTsZVs7oGzBp8SjBgWMFgdGpdhs1GiPNKpgMxkDqPUAIYEJ-QyOnPOGlPh8AeDnN1A:1qdTJv:0HrDvpJeKaWHFqrYe6nPX0PYl5lc_HBMEPH7YI92lew	2023-09-19 10:30:07.897182+00
h0wk1om5g5mmmae4h3nfg4fv8eblclc3	.eJxVjEEOwiAQRe_C2hCGgoBL956BzDBUqgaS0q6Md7dNutDte-__t4i4LiWuPc9xYnERIE6_jDA9c90FP7Dem0ytLvNEck_kYbu8Nc6v69H-HRTsZVs7oGzBp8SjBgWMFgdGpdhs1GiPNKpgMxkDqPUAIYEJ-QyOnPOGlPh8AeDnN1A:1qdld9:qvvbiVkOpz5CvvII79C1txl7agNTpdeEC8md-Sp2npA	2023-09-20 06:03:11.86075+00
tpyd3fl5ic8mr1s1p9qqfnqkqqhbvam3	.eJxVjEEOwiAQRe_C2hCGgoBL956BzDBUqgaS0q6Md7dNutDte-__t4i4LiWuPc9xYnERIE6_jDA9c90FP7Dem0ytLvNEck_kYbu8Nc6v69H-HRTsZVs7oGzBp8SjBgWMFgdGpdhs1GiPNKpgMxkDqPUAIYEJ-QyOnPOGlPh8AeDnN1A:1qdwgi:MOXvAqV1uwZhBLtE-jRVTu6HoCqgMQC3cPjlghQlzYo	2023-09-20 17:51:36.474955+00
dx3elsm5ety7s9o7orzaev7rl5s4yy4y	.eJxVjEEOwiAQRe_C2hCGgoBL956BzDBUqgaS0q6Md7dNutDte-__t4i4LiWuPc9xYnERIE6_jDA9c90FP7Dem0ytLvNEck_kYbu8Nc6v69H-HRTsZVs7oGzBp8SjBgWMFgdGpdhs1GiPNKpgMxkDqPUAIYEJ-QyOnPOGlPh8AeDnN1A:1qe6bP:Fmu4dv_YFPrBs4-8OBindqluFxB3Ab22mMPrnO78tfM	2023-09-21 04:26:47.66911+00
r42xcaig4kwj9mi2fx0049fzn5sgycv2	.eJxVjEEOwiAQRe_C2hCGgoBL956BzDBUqgaS0q6Md7dNutDte-__t4i4LiWuPc9xYnERIE6_jDA9c90FP7Dem0ytLvNEck_kYbu8Nc6v69H-HRTsZVs7oGzBp8SjBgWMFgdGpdhs1GiPNKpgMxkDqPUAIYEJ-QyOnPOGlPh8AeDnN1A:1qfDlO:y5Dy7L4n_3cRohEE-9okIZ1YCt71Yel5-7vj9n9Ucrk	2023-09-24 06:17:42.950485+00
4opym90dq7cix75kqr6kvk7wq52d49xe	.eJxVjEEOwiAQRe_C2hCGgoBL956BzDBUqgaS0q6Md7dNutDte-__t4i4LiWuPc9xYnERIE6_jDA9c90FP7Dem0ytLvNEck_kYbu8Nc6v69H-HRTsZVs7oGzBp8SjBgWMFgdGpdhs1GiPNKpgMxkDqPUAIYEJ-QyOnPOGlPh8AeDnN1A:1qoRUc:JqHghvTdrNmTpu2fPynqiKMFEkAfyFm2jZZoj_0TKGg	2023-10-19 16:46:30.119231+00
myr5b7y1tz7urpaqyx720joxzym15z9k	.eJxVjEEOwiAQRe_C2hCGgoBL956BzDBUqgaS0q6Md7dNutDte-__t4i4LiWuPc9xYnERIE6_jDA9c90FP7Dem0ytLvNEck_kYbu8Nc6v69H-HRTsZVs7oGzBp8SjBgWMFgdGpdhs1GiPNKpgMxkDqPUAIYEJ-QyOnPOGlPh8AeDnN1A:1qor4Q:kbN1fg_cSNkvaB0mGC0vjPs968cdIG8u_uDOja8_MUo	2023-10-20 20:05:10.578278+00
hvdeyrxphblhsywx2f5y83td928vdb03	.eJxVjEEOwiAQRe_C2hCGgoBL956BzDBUqgaS0q6Md7dNutDte-__t4i4LiWuPc9xYnERIE6_jDA9c90FP7Dem0ytLvNEck_kYbu8Nc6v69H-HRTsZVs7oGzBp8SjBgWMFgdGpdhs1GiPNKpgMxkDqPUAIYEJ-QyOnPOGlPh8AeDnN1A:1qowNH:3jeNFAgwV1Dhci5G4TXF5RPHms316QpSKqYD8vsYaTY	2023-10-21 01:44:59.509059+00
z5lbbmaxxb1ygpz128m1p4dfqdd8c2zk	.eJxVjEEOwiAQRe_C2hCGgoBL956BzDBUqgaS0q6Md7dNutDte-__t4i4LiWuPc9xYnERIE6_jDA9c90FP7Dem0ytLvNEck_kYbu8Nc6v69H-HRTsZVs7oGzBp8SjBgWMFgdGpdhs1GiPNKpgMxkDqPUAIYEJ-QyOnPOGlPh8AeDnN1A:1qowQ3:R3sf8S_KzO-h4hUrmdiSuTL_OIT8xwDQ1X_KcVDjEFY	2023-10-21 01:47:51.144553+00
hij5uvmhrdqi5fz9e4ra7251k28tf4no	.eJxVjEEOwiAQRe_C2hCGgoBL956BzDBUqgaS0q6Md7dNutDte-__t4i4LiWuPc9xYnERIE6_jDA9c90FP7Dem0ytLvNEck_kYbu8Nc6v69H-HRTsZVs7oGzBp8SjBgWMFgdGpdhs1GiPNKpgMxkDqPUAIYEJ-QyOnPOGlPh8AeDnN1A:1qpUUt:_Qm5PM-Fmu7VPQuqO-QKXEcx4B_GXHQ7gCNv95iMpik	2023-10-22 14:11:07.509145+00
uffuwlguln9ob7hvm0s2r5xkn2qwjg07	.eJxVjEEOwiAQRe_C2hCGgoBL956BzDBUqgaS0q6Md7dNutDte-__t4i4LiWuPc9xYnERIE6_jDA9c90FP7Dem0ytLvNEck_kYbu8Nc6v69H-HRTsZVs7oGzBp8SjBgWMFgdGpdhs1GiPNKpgMxkDqPUAIYEJ-QyOnPOGlPh8AeDnN1A:1qzIVJ:FlIkSXdI89jJXKaIf9wZItP7VzoDqqYCrRUDeWdYGjw	2023-11-18 15:24:05.858237+00
eg49donf9hq7s1nk9hjpzniskmmb2woa	.eJxVjEEOwiAQRe_C2hCGgoBL956BzDBUqgaS0q6Md7dNutDte-__t4i4LiWuPc9xYnERIE6_jDA9c90FP7Dem0ytLvNEck_kYbu8Nc6v69H-HRTsZVs7oGzBp8SjBgWMFgdGpdhs1GiPNKpgMxkDqPUAIYEJ-QyOnPOGlPh8AeDnN1A:1qzIeE:S9Jse0ujgXgcKZRKLc5jZ7NBvzhJzj1ovSjAnmANero	2023-11-18 15:33:18.44369+00
38qt3rvxsaituwu1x42mz5ax9a9yyxb5	.eJxVjEEOwiAQRe_C2hCGgoBL956BzDBUqgaS0q6Md7dNutDte-__t4i4LiWuPc9xYnERIE6_jDA9c90FP7Dem0ytLvNEck_kYbu8Nc6v69H-HRTsZVs7oGzBp8SjBgWMFgdGpdhs1GiPNKpgMxkDqPUAIYEJ-QyOnPOGlPh8AeDnN1A:1r02Rt:rBiu4wGD1d-rc1auExGAdBXZlmV4w_rd9twQBEmfQ2A	2023-11-20 16:27:37.307767+00
r7lfpgjj34xxtstytc9d4rapara4zykm	.eJxVjEEOwiAQRe_C2hCGgoBL956BzDBUqgaS0q6Md7dNutDte-__t4i4LiWuPc9xYnERIE6_jDA9c90FP7Dem0ytLvNEck_kYbu8Nc6v69H-HRTsZVs7oGzBp8SjBgWMFgdGpdhs1GiPNKpgMxkDqPUAIYEJ-QyOnPOGlPh8AeDnN1A:1rAtsQ:mBNlQcgD2W31rz8iyFBCawuQMH-5k0KdCWoXkLJe-nc	2023-12-20 15:31:54.297617+00
ik1c16bnq1cym73or0uz5ebiatnp9az4	.eJxVjEEOwiAQRe_C2hCGgoBL956BzDBUqgaS0q6Md7dNutDte-__t4i4LiWuPc9xYnERIE6_jDA9c90FP7Dem0ytLvNEck_kYbu8Nc6v69H-HRTsZVs7oGzBp8SjBgWMFgdGpdhs1GiPNKpgMxkDqPUAIYEJ-QyOnPOGlPh8AeDnN1A:1rAzrA:6Lbj0IE4b8Rk0qo4mESbdzJXL7YlkD2DgDgjqa81eBA	2023-12-20 21:55:00.225029+00
rl6215vgz32p2r7yy2d8d39eu5rhcrq4	.eJxVjEEOwiAQRe_C2hCGgoBL956BzDBUqgaS0q6Md7dNutDte-__t4i4LiWuPc9xYnERIE6_jDA9c90FP7Dem0ytLvNEck_kYbu8Nc6v69H-HRTsZVs7oGzBp8SjBgWMFgdGpdhs1GiPNKpgMxkDqPUAIYEJ-QyOnPOGlPh8AeDnN1A:1rB67q:zoUcX1qjYpH56qdj8zseUyYOXBGYXiTzDhzm2lHCTMA	2023-12-21 04:36:38.980559+00
bfcjapqf1pihuhe3d7e3ri4o3dzxnusv	.eJxVjEEOwiAQRe_C2hCGgoBL956BzDBUqgaS0q6Md7dNutDte-__t4i4LiWuPc9xYnERIE6_jDA9c90FP7Dem0ytLvNEck_kYbu8Nc6v69H-HRTsZVs7oGzBp8SjBgWMFgdGpdhs1GiPNKpgMxkDqPUAIYEJ-QyOnPOGlPh8AeDnN1A:1rB6ys:vUoC9g5KruvODi0CjSvQNUvQqMmsUOU7zYgfCzNMgIw	2023-12-21 05:31:26.100492+00
u4dnytwq60da65148di5ildjfnyfmkex	.eJxVjEEOwiAQRe_C2hCGgoBL956BzDBUqgaS0q6Md7dNutDte-__t4i4LiWuPc9xYnERIE6_jDA9c90FP7Dem0ytLvNEck_kYbu8Nc6v69H-HRTsZVs7oGzBp8SjBgWMFgdGpdhs1GiPNKpgMxkDqPUAIYEJ-QyOnPOGlPh8AeDnN1A:1rBHvq:diHu50ae2NBmS3_PoDCVBj5WJaQNroJj_xYvvVVP7oU	2023-12-21 17:13:02.719162+00
a3m0nnl6otjekon8auj53w08bn1biqy7	.eJxVjEEOwiAQRe_C2hCGgoBL956BzDBUqgaS0q6Md7dNutDte-__t4i4LiWuPc9xYnERIE6_jDA9c90FP7Dem0ytLvNEck_kYbu8Nc6v69H-HRTsZVs7oGzBp8SjBgWMFgdGpdhs1GiPNKpgMxkDqPUAIYEJ-QyOnPOGlPh8AeDnN1A:1rKgCf:nYi0A8k90vt1Z8bg2g7kYTOyt64uEy4FBgNYSQTyHgc	2024-01-16 14:57:13.418798+00
xk86o4aydk89mgneoxy3oqgsq4llmvte	.eJxVjEEOwiAQRe_C2hCGgoBL956BzDBUqgaS0q6Md7dNutDte-__t4i4LiWuPc9xYnERIE6_jDA9c90FP7Dem0ytLvNEck_kYbu8Nc6v69H-HRTsZVs7oGzBp8SjBgWMFgdGpdhs1GiPNKpgMxkDqPUAIYEJ-QyOnPOGlPh8AeDnN1A:1rM8Lt:AecNVEW783sARJl0IEpJ_20GD3gw2dx-YhdoRl9XOi4	2024-01-20 15:12:45.312909+00
32jfz8b5aojgxxv4h7f4ta2h16vh1mju	.eJxVjEEOwiAQRe_C2hCGgoBL956BzDBUqgaS0q6Md7dNutDte-__t4i4LiWuPc9xYnERIE6_jDA9c90FP7Dem0ytLvNEck_kYbu8Nc6v69H-HRTsZVs7oGzBp8SjBgWMFgdGpdhs1GiPNKpgMxkDqPUAIYEJ-QyOnPOGlPh8AeDnN1A:1rM9tB:LxDy7GpkpNngwgcNpCE2NHVvLp2ndcGPfcNmLXrQa00	2024-01-20 16:51:13.702039+00
wmcwx4z1varooivtbbmen3gthdyzbgan	.eJxVjEEOwiAQRe_C2hCGgoBL956BzDBUqgaS0q6Md7dNutDte-__t4i4LiWuPc9xYnERIE6_jDA9c90FP7Dem0ytLvNEck_kYbu8Nc6v69H-HRTsZVs7oGzBp8SjBgWMFgdGpdhs1GiPNKpgMxkDqPUAIYEJ-QyOnPOGlPh8AeDnN1A:1rWzyn:vd8ixULgmTzhq5cloT43VhPbzLQj_Z7qmAogUYlWLMs	2024-02-19 14:29:49.08311+00
6dfjf8r9y22dn3qdwkxnmu139mnjnydw	.eJxVjEEOwiAQRe_C2hCGgoBL956BzDBUqgaS0q6Md7dNutDte-__t4i4LiWuPc9xYnERIE6_jDA9c90FP7Dem0ytLvNEck_kYbu8Nc6v69H-HRTsZVs7oGzBp8SjBgWMFgdGpdhs1GiPNKpgMxkDqPUAIYEJ-QyOnPOGlPh8AeDnN1A:1sFHxK:3UTv9XEhPh5Zlp_IgW2-pfkyA3y9ju9wCbLc0Qo5k1s	2024-06-20 18:35:22.294015+00
9ixun96gn4hbz81ivgnb0p676tjwb5ft	.eJxVjEEOwiAQRe_C2hCGgoBL956BzDBUqgaS0q6Md7dNutDte-__t4i4LiWuPc9xYnERIE6_jDA9c90FP7Dem0ytLvNEck_kYbu8Nc6v69H-HRTsZVs7oGzBp8SjBgWMFgdGpdhs1GiPNKpgMxkDqPUAIYEJ-QyOnPOGlPh8AeDnN1A:1rX2DC:SVU5dfQpQbjBOSLkewgpIpFL-HvktGjWqnZN-gANzzM	2024-02-19 16:52:50.75518+00
3z4v590m0r69zhvej9dcci8ewwds8jyp	.eJxVjEEOwiAQRe_C2hCGgoBL956BzDBUqgaS0q6Md7dNutDte-__t4i4LiWuPc9xYnERIE6_jDA9c90FP7Dem0ytLvNEck_kYbu8Nc6v69H-HRTsZVs7oGzBp8SjBgWMFgdGpdhs1GiPNKpgMxkDqPUAIYEJ-QyOnPOGlPh8AeDnN1A:1rXMoV:gRJr523pXkVOe1wBjBHiQsnm17jvNyxUlQ3RDxiAfIs	2024-02-20 14:52:43.129599+00
i5udh05t7sl8kwgxu4r4kyn0a59ryai6	.eJxVjEEOwiAQRe_C2hCGgoBL956BzDBUqgaS0q6Md7dNutDte-__t4i4LiWuPc9xYnERIE6_jDA9c90FP7Dem0ytLvNEck_kYbu8Nc6v69H-HRTsZVs7oGzBp8SjBgWMFgdGpdhs1GiPNKpgMxkDqPUAIYEJ-QyOnPOGlPh8AeDnN1A:1sFgRD:4MolcfXHWSGYPooCdzpZF2a1HtJ3Dt5yuomhmyu3aBk	2024-06-21 20:43:51.007104+00
d4iyrspkguvaaqnw3iaphd0l9o0rbrpe	.eJxVjEEOwiAQRe_C2hCGgoBL956BzDBUqgaS0q6Md7dNutDte-__t4i4LiWuPc9xYnERIE6_jDA9c90FP7Dem0ytLvNEck_kYbu8Nc6v69H-HRTsZVs7oGzBp8SjBgWMFgdGpdhs1GiPNKpgMxkDqPUAIYEJ-QyOnPOGlPh8AeDnN1A:1rhjxn:KHEGzjjFFMDYyKXf6Kwr0X-p4iRHfaamKN-oxtrOJ_I	2024-03-20 05:37:11.784495+00
t1k10kgjpoda5a8vjmqqcqcubbcpdprq	.eJxVjEEOwiAQRe_C2hCGgoBL956BzDBUqgaS0q6Md7dNutDte-__t4i4LiWuPc9xYnERIE6_jDA9c90FP7Dem0ytLvNEck_kYbu8Nc6v69H-HRTsZVs7oGzBp8SjBgWMFgdGpdhs1GiPNKpgMxkDqPUAIYEJ-QyOnPOGlPh8AeDnN1A:1rhom8:gT84DA93QpQ2KodVM6tLeowzOVHjRpbgGH_FCpqwVb8	2024-03-20 10:45:28.424668+00
c7p0hfi8vg79oyapq9nwd799rk6tco4l	.eJxVjEEOwiAQRe_C2hCGgoBL956BzDBUqgaS0q6Md7dNutDte-__t4i4LiWuPc9xYnERIE6_jDA9c90FP7Dem0ytLvNEck_kYbu8Nc6v69H-HRTsZVs7oGzBp8SjBgWMFgdGpdhs1GiPNKpgMxkDqPUAIYEJ-QyOnPOGlPh8AeDnN1A:1sFtdI:UGnkwiEeJC5kZB-X6Cn1lR_oGUHPkyqLE1801tSyoKg	2024-06-22 10:49:12.92733+00
q03dvlibeat6c4z9yg8tyceyn5a1fmcr	.eJxVjEEOwiAQRe_C2hCGgoBL956BzDBUqgaS0q6Md7dNutDte-__t4i4LiWuPc9xYnERIE6_jDA9c90FP7Dem0ytLvNEck_kYbu8Nc6v69H-HRTsZVs7oGzBp8SjBgWMFgdGpdhs1GiPNKpgMxkDqPUAIYEJ-QyOnPOGlPh8AeDnN1A:1rhxJ2:eGuZvWFaWEBr2_LXBw3eZzGRtgMNCZvl14X9DRVyaYY	2024-03-20 19:52:00.339808+00
0eteezjlpn04jhmh91jbbdr35msagwsm	.eJxVjEEOwiAQRe_C2hCGgoBL956BzDBUqgaS0q6Md7dNutDte-__t4i4LiWuPc9xYnERIE6_jDA9c90FP7Dem0ytLvNEck_kYbu8Nc6v69H-HRTsZVs7oGzBp8SjBgWMFgdGpdhs1GiPNKpgMxkDqPUAIYEJ-QyOnPOGlPh8AeDnN1A:1rhxJ3:ur4Zzgwxt6rXmQi5JzPiTltzurffAOjrmw7A8DpWfu8	2024-03-20 19:52:01.120591+00
im8jml6dnfwwzjorupbpk6b43ac22rxo	.eJxVjEEOwiAQRe_C2hCGgoBL956BzDBUqgaS0q6Md7dNutDte-__t4i4LiWuPc9xYnERIE6_jDA9c90FP7Dem0ytLvNEck_kYbu8Nc6v69H-HRTsZVs7oGzBp8SjBgWMFgdGpdhs1GiPNKpgMxkDqPUAIYEJ-QyOnPOGlPh8AeDnN1A:1sQ7g1:nQpjfWai2XxmmR3-7OQKCsQ13MKPOHgHfmqSw7U3M8E	2024-07-20 15:50:17.658878+00
ody8wh09u03uz6jz2hrk7uogmuir60qi	.eJxVjEEOwiAQRe_C2hCGgoBL956BzDBUqgaS0q6Md7dNutDte-__t4i4LiWuPc9xYnERIE6_jDA9c90FP7Dem0ytLvNEck_kYbu8Nc6v69H-HRTsZVs7oGzBp8SjBgWMFgdGpdhs1GiPNKpgMxkDqPUAIYEJ-QyOnPOGlPh8AeDnN1A:1ri8XU:QYvPW5WHONQMcGcR7NkBfwfLLOFWkFGUNXY8XmRFh74	2024-03-21 07:51:40.015842+00
29lu6g3jmongt6svcdervxoqp4pwnuv8	.eJxVjEEOwiAQRe_C2hCGgoBL956BzDBUqgaS0q6Md7dNutDte-__t4i4LiWuPc9xYnERIE6_jDA9c90FP7Dem0ytLvNEck_kYbu8Nc6v69H-HRTsZVs7oGzBp8SjBgWMFgdGpdhs1GiPNKpgMxkDqPUAIYEJ-QyOnPOGlPh8AeDnN1A:1riN2m:MQ7FN5dy7nwyyHEY-HGKywpfqmnkIsRHPRzAABC25xM	2024-03-21 23:20:56.385213+00
as0yu0lsbnwnlbdl2tkulaf4emyski32	.eJxVjEEOwiAQRe_C2hCGgoBL956BzDBUqgaS0q6Md7dNutDte-__t4i4LiWuPc9xYnERIE6_jDA9c90FP7Dem0ytLvNEck_kYbu8Nc6v69H-HRTsZVs7oGzBp8SjBgWMFgdGpdhs1GiPNKpgMxkDqPUAIYEJ-QyOnPOGlPh8AeDnN1A:1sQ96R:LXD7ikzb2k0XuJF-3HAG9iqU4-i0ViF_A9G0qpE8ZOw	2024-07-20 17:21:39.51576+00
9mqk4bvyvjqdso7hkm9h2ef8sm88feew	.eJxVjEEOwiAQRe_C2hCGgoBL956BzDBUqgaS0q6Md7dNutDte-__t4i4LiWuPc9xYnERIE6_jDA9c90FP7Dem0ytLvNEck_kYbu8Nc6v69H-HRTsZVs7oGzBp8SjBgWMFgdGpdhs1GiPNKpgMxkDqPUAIYEJ-QyOnPOGlPh8AeDnN1A:1rt6Z2:SeZ73YfMJCihC4sfQ9fhf9TuXywNPtjygicbzS2Sk1Y	2024-04-20 13:58:36.676379+00
lx08xvudirg76dih64o9z6ed5kafkhr0	.eJxVjEEOwiAQRe_C2hCGgoBL956BzDBUqgaS0q6Md7dNutDte-__t4i4LiWuPc9xYnERIE6_jDA9c90FP7Dem0ytLvNEck_kYbu8Nc6v69H-HRTsZVs7oGzBp8SjBgWMFgdGpdhs1GiPNKpgMxkDqPUAIYEJ-QyOnPOGlPh8AeDnN1A:1rt8Lb:uOajKGiFPB87qMXnozrVa6OC4fuGcc_SONXKgHCWb_c	2024-04-20 15:52:51.96654+00
kpm4sm0k03a5blqd3qnb5uthu7h1o5b5	.eJxVjEEOwiAQRe_C2hCGgoBL956BzDBUqgaS0q6Md7dNutDte-__t4i4LiWuPc9xYnERIE6_jDA9c90FP7Dem0ytLvNEck_kYbu8Nc6v69H-HRTsZVs7oGzBp8SjBgWMFgdGpdhs1GiPNKpgMxkDqPUAIYEJ-QyOnPOGlPh8AeDnN1A:1sQVEU:OH5p4HvTWFnQPupRU2vMXegEqMwPm3jXuSJ_kK8c3iA	2024-07-21 16:59:26.354264+00
1m8q86sszqkmqkvzp3dw7hdfkudn42kt	.eJxVjEEOwiAQRe_C2hCGgoBL956BzDBUqgaS0q6Md7dNutDte-__t4i4LiWuPc9xYnERIE6_jDA9c90FP7Dem0ytLvNEck_kYbu8Nc6v69H-HRTsZVs7oGzBp8SjBgWMFgdGpdhs1GiPNKpgMxkDqPUAIYEJ-QyOnPOGlPh8AeDnN1A:1rvZd7:0Oqfh3JYEuljHK-u91wOCTW5VNI9KePhMpclObgzPgA	2024-04-27 09:25:01.929402+00
y2rggs22bdx5jf4p5va3i1bt2g6ndl54	.eJxVjEEOwiAQRe_C2hCGgoBL956BzDBUqgaS0q6Md7dNutDte-__t4i4LiWuPc9xYnERIE6_jDA9c90FP7Dem0ytLvNEck_kYbu8Nc6v69H-HRTsZVs7oGzBp8SjBgWMFgdGpdhs1GiPNKpgMxkDqPUAIYEJ-QyOnPOGlPh8AeDnN1A:1s3du5:SrJPnxDxXVZqeu1TdzBAaoQXlFVtpnZ7OuV4GyuE7JM	2024-05-19 15:35:53.252551+00
5s3p0yyqlxun95gm9sukxkko59nwz788	.eJxVjEEOwiAQRe_C2hCGgoBL956BzDBUqgaS0q6Md7dNutDte-__t4i4LiWuPc9xYnERIE6_jDA9c90FP7Dem0ytLvNEck_kYbu8Nc6v69H-HRTsZVs7oGzBp8SjBgWMFgdGpdhs1GiPNKpgMxkDqPUAIYEJ-QyOnPOGlPh8AeDnN1A:1sQho0:Zld5dWCUdY95AghJllzKhbqknRyYBNUeC8F0yCSi_Vc	2024-07-22 06:24:56.143879+00
zmynqi10w6727t5db31xd7msurgwfont	.eJxVjEEOwiAQRe_C2hCGgoBL956BzDBUqgaS0q6Md7dNutDte-__t4i4LiWuPc9xYnERIE6_jDA9c90FP7Dem0ytLvNEck_kYbu8Nc6v69H-HRTsZVs7oGzBp8SjBgWMFgdGpdhs1GiPNKpgMxkDqPUAIYEJ-QyOnPOGlPh8AeDnN1A:1s419u:-uzA4HzYrkwz_hlELkw0dGMpfso7KOqUz0_VGcGrXqA	2024-05-20 16:25:46.555365+00
7gcp8u55lu48s2tsbnrwm2ehjur91xus	.eJxVjEEOwiAQRe_C2hCGgoBL956BzDBUqgaS0q6Md7dNutDte-__t4i4LiWuPc9xYnERIE6_jDA9c90FP7Dem0ytLvNEck_kYbu8Nc6v69H-HRTsZVs7oGzBp8SjBgWMFgdGpdhs1GiPNKpgMxkDqPUAIYEJ-QyOnPOGlPh8AeDnN1A:1s57AY:q67pY580UpqRnedh8CN1rlvP6kzGXGBriPAo0dqHnpc	2024-05-23 17:02:58.734925+00
s4852b6p945rk4olttnlwnis5jm6oypr	.eJxVjEEOwiAQRe_C2hCGgoBL956BzDBUqgaS0q6Md7dNutDte-__t4i4LiWuPc9xYnERIE6_jDA9c90FP7Dem0ytLvNEck_kYbu8Nc6v69H-HRTsZVs7oGzBp8SjBgWMFgdGpdhs1GiPNKpgMxkDqPUAIYEJ-QyOnPOGlPh8AeDnN1A:1sRTAF:9YqRv_wqyba7L_9YXazpfOYLg1-y96idcsUFmTrapNY	2024-07-24 08:59:03.222453+00
3q470uynhs3rpkpo9w3n7wf853yr3s3i	.eJxVjEEOwiAQRe_C2hCGgoBL956BzDBUqgaS0q6Md7dNutDte-__t4i4LiWuPc9xYnERIE6_jDA9c90FP7Dem0ytLvNEck_kYbu8Nc6v69H-HRTsZVs7oGzBp8SjBgWMFgdGpdhs1GiPNKpgMxkDqPUAIYEJ-QyOnPOGlPh8AeDnN1A:1s9gCj:gPxEACJN_UZw87iJ04I6qBN1N0BWrTE_gQKLPEiG_-o	2024-06-05 07:16:05.803945+00
0hq44rl5os281yilebmyutyw0jgedq4c	.eJxVjEEOwiAQRe_C2hCGgoBL956BzDBUqgaS0q6Md7dNutDte-__t4i4LiWuPc9xYnERIE6_jDA9c90FP7Dem0ytLvNEck_kYbu8Nc6v69H-HRTsZVs7oGzBp8SjBgWMFgdGpdhs1GiPNKpgMxkDqPUAIYEJ-QyOnPOGlPh8AeDnN1A:1sRTAG:GfGZgEboRC61OHnBzz3vw94ACGlLZqtvjUTjJfTpk2E	2024-07-24 08:59:04.258008+00
l9il0tmnw5x6cluosb55r05p4zncdj3e	.eJxVjEEOwiAQRe_C2hCGgoBL956BzDBUqgaS0q6Md7dNutDte-__t4i4LiWuPc9xYnERIE6_jDA9c90FP7Dem0ytLvNEck_kYbu8Nc6v69H-HRTsZVs7oGzBp8SjBgWMFgdGpdhs1GiPNKpgMxkDqPUAIYEJ-QyOnPOGlPh8AeDnN1A:1sRr16:FyyfnUKsn_rMhq6yANELdg05HFmgIexhtE54zEz3kkc	2024-07-25 10:27:12.850948+00
xxphzpx19zqt41tge1kjssrkzhm0qkyq	.eJxVjEEOwiAQRe_C2hCGgoBL956BzDBUqgaS0q6Md7dNutDte-__t4i4LiWuPc9xYnERIE6_jDA9c90FP7Dem0ytLvNEck_kYbu8Nc6v69H-HRTsZVs7oGzBp8SjBgWMFgdGpdhs1GiPNKpgMxkDqPUAIYEJ-QyOnPOGlPh8AeDnN1A:1sRsBs:iAZa00EpjMkKXB9cJci8AeBdvMa4u55u2O9pqswH044	2024-07-25 11:42:24.106151+00
5c2uvsmp9wo863zvzlwcttg82bauo8ha	.eJxVjEEOwiAQRe_C2hCGgoBL956BzDBUqgaS0q6Md7dNutDte-__t4i4LiWuPc9xYnERIE6_jDA9c90FP7Dem0ytLvNEck_kYbu8Nc6v69H-HRTsZVs7oGzBp8SjBgWMFgdGpdhs1GiPNKpgMxkDqPUAIYEJ-QyOnPOGlPh8AeDnN1A:1sZapH:rySQIVbx93zDWOTW5MBi1xAnEIarz-WcAe8m2_87RGA	2024-08-15 18:46:59.462927+00
8mqf1omcevkwf3ovzj0o7hy7okjorb0k	.eJxVjEEOwiAQRe_C2hCGgoBL956BzDBUqgaS0q6Md7dNutDte-__t4i4LiWuPc9xYnERIE6_jDA9c90FP7Dem0ytLvNEck_kYbu8Nc6v69H-HRTsZVs7oGzBp8SjBgWMFgdGpdhs1GiPNKpgMxkDqPUAIYEJ-QyOnPOGlPh8AeDnN1A:1sZw7E:frCFSeFbyJXrwFst-IsCSsz7NYtEI527nJOaU5m-saU	2024-08-16 17:30:56.332519+00
o98c8xvd7v6tl0mzy73t8qkkrtl2l4jz	.eJxVjEEOwiAQRe_C2hCGgoBL956BzDBUqgaS0q6Md7dNutDte-__t4i4LiWuPc9xYnERIE6_jDA9c90FP7Dem0ytLvNEck_kYbu8Nc6v69H-HRTsZVs7oGzBp8SjBgWMFgdGpdhs1GiPNKpgMxkDqPUAIYEJ-QyOnPOGlPh8AeDnN1A:1saABF:dYPQ-FU0JZyzKd_uwPgquDmXWXThrH8bOxIhFWni338	2024-08-17 08:32:01.874335+00
hgzijjm30894zatq7g6uzih6hrvsbnco	.eJxVjEEOwiAQRe_C2hCGgoBL956BzDBUqgaS0q6Md7dNutDte-__t4i4LiWuPc9xYnERIE6_jDA9c90FP7Dem0ytLvNEck_kYbu8Nc6v69H-HRTsZVs7oGzBp8SjBgWMFgdGpdhs1GiPNKpgMxkDqPUAIYEJ-QyOnPOGlPh8AeDnN1A:1saCZr:EpwZKRJ70fPDRhb60zwzWeyo4haQIm3v6ENYuuvBiZ4	2024-08-17 11:05:35.504864+00
ml8jpr9i9jioxx9rl9pterzk3hixkew6	.eJxVjEEOwiAQRe_C2hCGgoBL956BzDBUqgaS0q6Md7dNutDte-__t4i4LiWuPc9xYnERIE6_jDA9c90FP7Dem0ytLvNEck_kYbu8Nc6v69H-HRTsZVs7oGzBp8SjBgWMFgdGpdhs1GiPNKpgMxkDqPUAIYEJ-QyOnPOGlPh8AeDnN1A:1saHjJ:4krCx4D5Qmm3ZNKch44OlUdDMuREj9dwLNVSYpLavAY	2024-08-17 16:35:41.361774+00
z2oj02d12n1tg0zyfjif0j7z5bt8alk1	.eJxVjEEOwiAQRe_C2hCGgoBL956BzDBUqgaS0q6Md7dNutDte-__t4i4LiWuPc9xYnERIE6_jDA9c90FP7Dem0ytLvNEck_kYbu8Nc6v69H-HRTsZVs7oGzBp8SjBgWMFgdGpdhs1GiPNKpgMxkDqPUAIYEJ-QyOnPOGlPh8AeDnN1A:1saqqz:gIZN9vMetvZxaeR-7riH7-XgS1S7-bSQbCyq9FW4ol8	2024-08-19 06:05:57.769407+00
bjwlojhwu7kwnbogseghiae30v429iyg	.eJxVjEEOwiAQRe_C2hCGgoBL956BzDBUqgaS0q6Md7dNutDte-__t4i4LiWuPc9xYnERIE6_jDA9c90FP7Dem0ytLvNEck_kYbu8Nc6v69H-HRTsZVs7oGzBp8SjBgWMFgdGpdhs1GiPNKpgMxkDqPUAIYEJ-QyOnPOGlPh8AeDnN1A:1sazNt:G7KBcysDK3LyXSrUXEbW3c38nfnobVxEP8vupqtc7dQ	2024-08-19 15:12:29.887241+00
0buqn419yrxa7luvstw60hjak8fn1huf	.eJxVjEEOwiAQRe_C2hCGgoBL956BzDBUqgaS0q6Md7dNutDte-__t4i4LiWuPc9xYnERIE6_jDA9c90FP7Dem0ytLvNEck_kYbu8Nc6v69H-HRTsZVs7oGzBp8SjBgWMFgdGpdhs1GiPNKpgMxkDqPUAIYEJ-QyOnPOGlPh8AeDnN1A:1sbZRw:VNRpR7Cy8Tx77uU8GzReE2JSXbp4JySrANQzYSOyqh4	2024-08-21 05:43:04.056134+00
\.


--
-- Name: SalaryInput_employee_classes_id_seq; Type: SEQUENCE SET; Schema: public; Owner: puserostgres
--

SELECT pg_catalog.setval('public."SalaryInput_employee_classes_id_seq"', 1, false);


--
-- Name: auth_group_id_seq; Type: SEQUENCE SET; Schema: public; Owner: puserostgres
--

SELECT pg_catalog.setval('public.auth_group_id_seq', 1, false);


--
-- Name: auth_group_permissions_id_seq; Type: SEQUENCE SET; Schema: public; Owner: puserostgres
--

SELECT pg_catalog.setval('public.auth_group_permissions_id_seq', 1, false);


--
-- Name: auth_permission_id_seq; Type: SEQUENCE SET; Schema: public; Owner: puserostgres
--

SELECT pg_catalog.setval('public.auth_permission_id_seq', 36, true);


--
-- Name: auth_user_groups_id_seq; Type: SEQUENCE SET; Schema: public; Owner: puserostgres
--

SELECT pg_catalog.setval('public.auth_user_groups_id_seq', 1, false);


--
-- Name: auth_user_id_seq; Type: SEQUENCE SET; Schema: public; Owner: puserostgres
--

SELECT pg_catalog.setval('public.auth_user_id_seq', 4, true);


--
-- Name: auth_user_user_permissions_id_seq; Type: SEQUENCE SET; Schema: public; Owner: puserostgres
--

SELECT pg_catalog.setval('public.auth_user_user_permissions_id_seq', 1, false);


--
-- Name: django_admin_log_id_seq; Type: SEQUENCE SET; Schema: public; Owner: puserostgres
--

SELECT pg_catalog.setval('public.django_admin_log_id_seq', 54, true);


--
-- Name: django_content_type_id_seq; Type: SEQUENCE SET; Schema: public; Owner: puserostgres
--

SELECT pg_catalog.setval('public.django_content_type_id_seq', 9, true);


--
-- Name: django_migrations_id_seq; Type: SEQUENCE SET; Schema: public; Owner: puserostgres
--

SELECT pg_catalog.setval('public.django_migrations_id_seq', 34, true);


--
-- Name: SalaryInput_class SalaryInput_class_pkey; Type: CONSTRAINT; Schema: public; Owner: puserostgres
--

ALTER TABLE ONLY public."SalaryInput_class"
    ADD CONSTRAINT "SalaryInput_class_pkey" PRIMARY KEY ("CID");


--
-- Name: SalaryInput_employee_classes SalaryInput_employee_classes_employee_id_class_id_be75c137_uniq; Type: CONSTRAINT; Schema: public; Owner: puserostgres
--

ALTER TABLE ONLY public."SalaryInput_employee_classes"
    ADD CONSTRAINT "SalaryInput_employee_classes_employee_id_class_id_be75c137_uniq" UNIQUE (employee_id, class_id);


--
-- Name: SalaryInput_employee_classes SalaryInput_employee_classes_pkey; Type: CONSTRAINT; Schema: public; Owner: puserostgres
--

ALTER TABLE ONLY public."SalaryInput_employee_classes"
    ADD CONSTRAINT "SalaryInput_employee_classes_pkey" PRIMARY KEY (id);


--
-- Name: SalaryInput_employee SalaryInput_employee_pkey; Type: CONSTRAINT; Schema: public; Owner: puserostgres
--

ALTER TABLE ONLY public."SalaryInput_employee"
    ADD CONSTRAINT "SalaryInput_employee_pkey" PRIMARY KEY ("SID");


--
-- Name: SalaryInput_salary SalaryInput_salary_pkey; Type: CONSTRAINT; Schema: public; Owner: puserostgres
--

ALTER TABLE ONLY public."SalaryInput_salary"
    ADD CONSTRAINT "SalaryInput_salary_pkey" PRIMARY KEY ("PID");


--
-- Name: auth_group auth_group_name_key; Type: CONSTRAINT; Schema: public; Owner: puserostgres
--

ALTER TABLE ONLY public.auth_group
    ADD CONSTRAINT auth_group_name_key UNIQUE (name);


--
-- Name: auth_group_permissions auth_group_permissions_group_id_permission_id_0cd325b0_uniq; Type: CONSTRAINT; Schema: public; Owner: puserostgres
--

ALTER TABLE ONLY public.auth_group_permissions
    ADD CONSTRAINT auth_group_permissions_group_id_permission_id_0cd325b0_uniq UNIQUE (group_id, permission_id);


--
-- Name: auth_group_permissions auth_group_permissions_pkey; Type: CONSTRAINT; Schema: public; Owner: puserostgres
--

ALTER TABLE ONLY public.auth_group_permissions
    ADD CONSTRAINT auth_group_permissions_pkey PRIMARY KEY (id);


--
-- Name: auth_group auth_group_pkey; Type: CONSTRAINT; Schema: public; Owner: puserostgres
--

ALTER TABLE ONLY public.auth_group
    ADD CONSTRAINT auth_group_pkey PRIMARY KEY (id);


--
-- Name: auth_permission auth_permission_content_type_id_codename_01ab375a_uniq; Type: CONSTRAINT; Schema: public; Owner: puserostgres
--

ALTER TABLE ONLY public.auth_permission
    ADD CONSTRAINT auth_permission_content_type_id_codename_01ab375a_uniq UNIQUE (content_type_id, codename);


--
-- Name: auth_permission auth_permission_pkey; Type: CONSTRAINT; Schema: public; Owner: puserostgres
--

ALTER TABLE ONLY public.auth_permission
    ADD CONSTRAINT auth_permission_pkey PRIMARY KEY (id);


--
-- Name: auth_user_groups auth_user_groups_pkey; Type: CONSTRAINT; Schema: public; Owner: puserostgres
--

ALTER TABLE ONLY public.auth_user_groups
    ADD CONSTRAINT auth_user_groups_pkey PRIMARY KEY (id);


--
-- Name: auth_user_groups auth_user_groups_user_id_group_id_94350c0c_uniq; Type: CONSTRAINT; Schema: public; Owner: puserostgres
--

ALTER TABLE ONLY public.auth_user_groups
    ADD CONSTRAINT auth_user_groups_user_id_group_id_94350c0c_uniq UNIQUE (user_id, group_id);


--
-- Name: auth_user auth_user_pkey; Type: CONSTRAINT; Schema: public; Owner: puserostgres
--

ALTER TABLE ONLY public.auth_user
    ADD CONSTRAINT auth_user_pkey PRIMARY KEY (id);


--
-- Name: auth_user_user_permissions auth_user_user_permissions_pkey; Type: CONSTRAINT; Schema: public; Owner: puserostgres
--

ALTER TABLE ONLY public.auth_user_user_permissions
    ADD CONSTRAINT auth_user_user_permissions_pkey PRIMARY KEY (id);


--
-- Name: auth_user_user_permissions auth_user_user_permissions_user_id_permission_id_14a6b632_uniq; Type: CONSTRAINT; Schema: public; Owner: puserostgres
--

ALTER TABLE ONLY public.auth_user_user_permissions
    ADD CONSTRAINT auth_user_user_permissions_user_id_permission_id_14a6b632_uniq UNIQUE (user_id, permission_id);


--
-- Name: auth_user auth_user_username_key; Type: CONSTRAINT; Schema: public; Owner: puserostgres
--

ALTER TABLE ONLY public.auth_user
    ADD CONSTRAINT auth_user_username_key UNIQUE (username);


--
-- Name: django_admin_log django_admin_log_pkey; Type: CONSTRAINT; Schema: public; Owner: puserostgres
--

ALTER TABLE ONLY public.django_admin_log
    ADD CONSTRAINT django_admin_log_pkey PRIMARY KEY (id);


--
-- Name: django_content_type django_content_type_app_label_model_76bd3d3b_uniq; Type: CONSTRAINT; Schema: public; Owner: puserostgres
--

ALTER TABLE ONLY public.django_content_type
    ADD CONSTRAINT django_content_type_app_label_model_76bd3d3b_uniq UNIQUE (app_label, model);


--
-- Name: django_content_type django_content_type_pkey; Type: CONSTRAINT; Schema: public; Owner: puserostgres
--

ALTER TABLE ONLY public.django_content_type
    ADD CONSTRAINT django_content_type_pkey PRIMARY KEY (id);


--
-- Name: django_migrations django_migrations_pkey; Type: CONSTRAINT; Schema: public; Owner: puserostgres
--

ALTER TABLE ONLY public.django_migrations
    ADD CONSTRAINT django_migrations_pkey PRIMARY KEY (id);


--
-- Name: django_session django_session_pkey; Type: CONSTRAINT; Schema: public; Owner: puserostgres
--

ALTER TABLE ONLY public.django_session
    ADD CONSTRAINT django_session_pkey PRIMARY KEY (session_key);


--
-- Name: SalaryInput_class_CID_d6ee2804_like; Type: INDEX; Schema: public; Owner: puserostgres
--

CREATE INDEX "SalaryInput_class_CID_d6ee2804_like" ON public."SalaryInput_class" USING btree ("CID" varchar_pattern_ops);


--
-- Name: SalaryInput_employee_classes_class_id_1ef57e02; Type: INDEX; Schema: public; Owner: puserostgres
--

CREATE INDEX "SalaryInput_employee_classes_class_id_1ef57e02" ON public."SalaryInput_employee_classes" USING btree (class_id);


--
-- Name: SalaryInput_employee_classes_class_id_1ef57e02_like; Type: INDEX; Schema: public; Owner: puserostgres
--

CREATE INDEX "SalaryInput_employee_classes_class_id_1ef57e02_like" ON public."SalaryInput_employee_classes" USING btree (class_id varchar_pattern_ops);


--
-- Name: SalaryInput_employee_classes_employee_id_bf2adb82; Type: INDEX; Schema: public; Owner: puserostgres
--

CREATE INDEX "SalaryInput_employee_classes_employee_id_bf2adb82" ON public."SalaryInput_employee_classes" USING btree (employee_id);


--
-- Name: SalaryInput_salary_employee_id_da5148a0; Type: INDEX; Schema: public; Owner: puserostgres
--

CREATE INDEX "SalaryInput_salary_employee_id_da5148a0" ON public."SalaryInput_salary" USING btree (employee_id);


--
-- Name: SalaryInput_salary_pid_b724ed75_like; Type: INDEX; Schema: public; Owner: puserostgres
--

CREATE INDEX "SalaryInput_salary_pid_b724ed75_like" ON public."SalaryInput_salary" USING btree ("PID" varchar_pattern_ops);


--
-- Name: auth_group_name_a6ea08ec_like; Type: INDEX; Schema: public; Owner: puserostgres
--

CREATE INDEX auth_group_name_a6ea08ec_like ON public.auth_group USING btree (name varchar_pattern_ops);


--
-- Name: auth_group_permissions_group_id_b120cbf9; Type: INDEX; Schema: public; Owner: puserostgres
--

CREATE INDEX auth_group_permissions_group_id_b120cbf9 ON public.auth_group_permissions USING btree (group_id);


--
-- Name: auth_group_permissions_permission_id_84c5c92e; Type: INDEX; Schema: public; Owner: puserostgres
--

CREATE INDEX auth_group_permissions_permission_id_84c5c92e ON public.auth_group_permissions USING btree (permission_id);


--
-- Name: auth_permission_content_type_id_2f476e4b; Type: INDEX; Schema: public; Owner: puserostgres
--

CREATE INDEX auth_permission_content_type_id_2f476e4b ON public.auth_permission USING btree (content_type_id);


--
-- Name: auth_user_groups_group_id_97559544; Type: INDEX; Schema: public; Owner: puserostgres
--

CREATE INDEX auth_user_groups_group_id_97559544 ON public.auth_user_groups USING btree (group_id);


--
-- Name: auth_user_groups_user_id_6a12ed8b; Type: INDEX; Schema: public; Owner: puserostgres
--

CREATE INDEX auth_user_groups_user_id_6a12ed8b ON public.auth_user_groups USING btree (user_id);


--
-- Name: auth_user_user_permissions_permission_id_1fbb5f2c; Type: INDEX; Schema: public; Owner: puserostgres
--

CREATE INDEX auth_user_user_permissions_permission_id_1fbb5f2c ON public.auth_user_user_permissions USING btree (permission_id);


--
-- Name: auth_user_user_permissions_user_id_a95ead1b; Type: INDEX; Schema: public; Owner: puserostgres
--

CREATE INDEX auth_user_user_permissions_user_id_a95ead1b ON public.auth_user_user_permissions USING btree (user_id);


--
-- Name: auth_user_username_6821ab7c_like; Type: INDEX; Schema: public; Owner: puserostgres
--

CREATE INDEX auth_user_username_6821ab7c_like ON public.auth_user USING btree (username varchar_pattern_ops);


--
-- Name: django_admin_log_content_type_id_c4bce8eb; Type: INDEX; Schema: public; Owner: puserostgres
--

CREATE INDEX django_admin_log_content_type_id_c4bce8eb ON public.django_admin_log USING btree (content_type_id);


--
-- Name: django_admin_log_user_id_c564eba6; Type: INDEX; Schema: public; Owner: puserostgres
--

CREATE INDEX django_admin_log_user_id_c564eba6 ON public.django_admin_log USING btree (user_id);


--
-- Name: django_session_expire_date_a5c62663; Type: INDEX; Schema: public; Owner: puserostgres
--

CREATE INDEX django_session_expire_date_a5c62663 ON public.django_session USING btree (expire_date);


--
-- Name: django_session_session_key_c0390e0f_like; Type: INDEX; Schema: public; Owner: puserostgres
--

CREATE INDEX django_session_session_key_c0390e0f_like ON public.django_session USING btree (session_key varchar_pattern_ops);


--
-- Name: SalaryInput_employee_classes SalaryInput_employee_class_id_1ef57e02_fk_SalaryInp; Type: FK CONSTRAINT; Schema: public; Owner: puserostgres
--

ALTER TABLE ONLY public."SalaryInput_employee_classes"
    ADD CONSTRAINT "SalaryInput_employee_class_id_1ef57e02_fk_SalaryInp" FOREIGN KEY (class_id) REFERENCES public."SalaryInput_class"("CID") DEFERRABLE INITIALLY DEFERRED;


--
-- Name: SalaryInput_employee_classes SalaryInput_employee_employee_id_bf2adb82_fk_SalaryInp; Type: FK CONSTRAINT; Schema: public; Owner: puserostgres
--

ALTER TABLE ONLY public."SalaryInput_employee_classes"
    ADD CONSTRAINT "SalaryInput_employee_employee_id_bf2adb82_fk_SalaryInp" FOREIGN KEY (employee_id) REFERENCES public."SalaryInput_employee"("SID") DEFERRABLE INITIALLY DEFERRED;


--
-- Name: SalaryInput_salary SalaryInput_salary_employee_id_da5148a0_fk_SalaryInp; Type: FK CONSTRAINT; Schema: public; Owner: puserostgres
--

ALTER TABLE ONLY public."SalaryInput_salary"
    ADD CONSTRAINT "SalaryInput_salary_employee_id_da5148a0_fk_SalaryInp" FOREIGN KEY (employee_id) REFERENCES public."SalaryInput_employee"("SID") DEFERRABLE INITIALLY DEFERRED;


--
-- Name: auth_group_permissions auth_group_permissio_permission_id_84c5c92e_fk_auth_perm; Type: FK CONSTRAINT; Schema: public; Owner: puserostgres
--

ALTER TABLE ONLY public.auth_group_permissions
    ADD CONSTRAINT auth_group_permissio_permission_id_84c5c92e_fk_auth_perm FOREIGN KEY (permission_id) REFERENCES public.auth_permission(id) DEFERRABLE INITIALLY DEFERRED;


--
-- Name: auth_group_permissions auth_group_permissions_group_id_b120cbf9_fk_auth_group_id; Type: FK CONSTRAINT; Schema: public; Owner: puserostgres
--

ALTER TABLE ONLY public.auth_group_permissions
    ADD CONSTRAINT auth_group_permissions_group_id_b120cbf9_fk_auth_group_id FOREIGN KEY (group_id) REFERENCES public.auth_group(id) DEFERRABLE INITIALLY DEFERRED;


--
-- Name: auth_permission auth_permission_content_type_id_2f476e4b_fk_django_co; Type: FK CONSTRAINT; Schema: public; Owner: puserostgres
--

ALTER TABLE ONLY public.auth_permission
    ADD CONSTRAINT auth_permission_content_type_id_2f476e4b_fk_django_co FOREIGN KEY (content_type_id) REFERENCES public.django_content_type(id) DEFERRABLE INITIALLY DEFERRED;


--
-- Name: auth_user_groups auth_user_groups_group_id_97559544_fk_auth_group_id; Type: FK CONSTRAINT; Schema: public; Owner: puserostgres
--

ALTER TABLE ONLY public.auth_user_groups
    ADD CONSTRAINT auth_user_groups_group_id_97559544_fk_auth_group_id FOREIGN KEY (group_id) REFERENCES public.auth_group(id) DEFERRABLE INITIALLY DEFERRED;


--
-- Name: auth_user_groups auth_user_groups_user_id_6a12ed8b_fk_auth_user_id; Type: FK CONSTRAINT; Schema: public; Owner: puserostgres
--

ALTER TABLE ONLY public.auth_user_groups
    ADD CONSTRAINT auth_user_groups_user_id_6a12ed8b_fk_auth_user_id FOREIGN KEY (user_id) REFERENCES public.auth_user(id) DEFERRABLE INITIALLY DEFERRED;


--
-- Name: auth_user_user_permissions auth_user_user_permi_permission_id_1fbb5f2c_fk_auth_perm; Type: FK CONSTRAINT; Schema: public; Owner: puserostgres
--

ALTER TABLE ONLY public.auth_user_user_permissions
    ADD CONSTRAINT auth_user_user_permi_permission_id_1fbb5f2c_fk_auth_perm FOREIGN KEY (permission_id) REFERENCES public.auth_permission(id) DEFERRABLE INITIALLY DEFERRED;


--
-- Name: auth_user_user_permissions auth_user_user_permissions_user_id_a95ead1b_fk_auth_user_id; Type: FK CONSTRAINT; Schema: public; Owner: puserostgres
--

ALTER TABLE ONLY public.auth_user_user_permissions
    ADD CONSTRAINT auth_user_user_permissions_user_id_a95ead1b_fk_auth_user_id FOREIGN KEY (user_id) REFERENCES public.auth_user(id) DEFERRABLE INITIALLY DEFERRED;


--
-- Name: django_admin_log django_admin_log_content_type_id_c4bce8eb_fk_django_co; Type: FK CONSTRAINT; Schema: public; Owner: puserostgres
--

ALTER TABLE ONLY public.django_admin_log
    ADD CONSTRAINT django_admin_log_content_type_id_c4bce8eb_fk_django_co FOREIGN KEY (content_type_id) REFERENCES public.django_content_type(id) DEFERRABLE INITIALLY DEFERRED;


--
-- Name: django_admin_log django_admin_log_user_id_c564eba6_fk_auth_user_id; Type: FK CONSTRAINT; Schema: public; Owner: puserostgres
--

ALTER TABLE ONLY public.django_admin_log
    ADD CONSTRAINT django_admin_log_user_id_c564eba6_fk_auth_user_id FOREIGN KEY (user_id) REFERENCES public.auth_user(id) DEFERRABLE INITIALLY DEFERRED;


--
-- PostgreSQL database dump complete
--

